,Newfoundland and Labrador,,,,,,,,,,,,,,,,,,,,,,,,,,,,,,,,,,,,,,,,,,,,,,,,,,,,,,,,,,,,,,,,,,,,,,,,,,,,,,,,,,,,,,,,,,Prince Edward Island,,,,,,,,,,,,,,,,,,,,,,,,,,,,,,,,,,,,,,,,,,,,,,,,,,,,,,,,,,,,,,,,,,,,,,,,,,,,,,,,,,,,,,,,,,Nova Scotia,,,,,,,,,,,,,,,,,,,,,,,,,,,,,,,,,,,,,,,,,,,,,,,,,,,,,,,,,,,,,,,,,,,,,,,,,,,,,,,,,,,,,,,,,,New Brunswick,,,,,,,,,,,,,,,,,,,,,,,,,,,,,,,,,,,,,,,,,,,,,,,,,,,,,,,,,,,,,,,,,,,,,,,,,,,,,,,,,,,,,,,,,,Quebec,,,,,,,,,,,,,,,,,,,,,,,,,,,,,,,,,,,,,,,,,,,,,,,,,,,,,,,,,,,,,,,,,,,,,,,,,,,,,,,,,,,,,,,,,,Ontario,,,,,,,,,,,,,,,,,,,,,,,,,,,,,,,,,,,,,,,,,,,,,,,,,,,,,,,,,,,,,,,,,,,,,,,,,,,,,,,,,,,,,,,,,,Manitoba,,,,,,,,,,,,,,,,,,,,,,,,,,,,,,,,,,,,,,,,,,,,,,,,,,,,,,,,,,,,,,,,,,,,,,,,,,,,,,,,,,,,,,,,,,Saskatchewan,,,,,,,,,,,,,,,,,,,,,,,,,,,,,,,,,,,,,,,,,,,,,,,,,,,,,,,,,,,,,,,,,,,,,,,,,,,,,,,,,,,,,,,,,,Alberta,,,,,,,,,,,,,,,,,,,,,,,,,,,,,,,,,,,,,,,,,,,,,,,,,,,,,,,,,,,,,,,,,,,,,,,,,,,,,,,,,,,,,,,,,,British Columbia,,,,,,,,,,,,,,,,,,,,,,,,,,,,,,,,,,,,,,,,,,,,,,,,,,,,,,,,,,,,,,,,,,,,,,,,,,,,,,,,,,,,,,,,,
,Labour force 4,,,,,,,,,,,,,,,,,,,,,,,,,,,,,,Employment 5,,,,,,,,,,,,,,,,,,,,,,,,,,,,,,Unemployment 6,,,,,,,,,,,,,,,,,,,,,,,,,,,,,,Labour force 4,,,,,,,,,,,,,,,,,,,,,,,,,,,,,,Employment 5,,,,,,,,,,,,,,,,,,,,,,,,,,,,,,Unemployment 6,,,,,,,,,,,,,,,,,,,,,,,,,,,,,,Labour force 4,,,,,,,,,,,,,,,,,,,,,,,,,,,,,,Employment 5,,,,,,,,,,,,,,,,,,,,,,,,,,,,,,Unemployment 6,,,,,,,,,,,,,,,,,,,,,,,,,,,,,,Labour force 4,,,,,,,,,,,,,,,,,,,,,,,,,,,,,,Employment 5,,,,,,,,,,,,,,,,,,,,,,,,,,,,,,Unemployment 6,,,,,,,,,,,,,,,,,,,,,,,,,,,,,,Labour force 4,,,,,,,,,,,,,,,,,,,,,,,,,,,,,,Employment 5,,,,,,,,,,,,,,,,,,,,,,,,,,,,,,Unemployment 6,,,,,,,,,,,,,,,,,,,,,,,,,,,,,,Labour force 4,,,,,,,,,,,,,,,,,,,,,,,,,,,,,,Employment 5,,,,,,,,,,,,,,,,,,,,,,,,,,,,,,Unemployment 6,,,,,,,,,,,,,,,,,,,,,,,,,,,,,,Labour force 4,,,,,,,,,,,,,,,,,,,,,,,,,,,,,,Employment 5,,,,,,,,,,,,,,,,,,,,,,,,,,,,,,Unemployment 6,,,,,,,,,,,,,,,,,,,,,,,,,,,,,,Labour force 4,,,,,,,,,,,,,,,,,,,,,,,,,,,,,,Employment 5,,,,,,,,,,,,,,,,,,,,,,,,,,,,,,Unemployment 6,,,,,,,,,,,,,,,,,,,,,,,,,,,,,,Labour force 4,,,,,,,,,,,,,,,,,,,,,,,,,,,,,,Employment 5,,,,,,,,,,,,,,,,,,,,,,,,,,,,,,Unemployment 6,,,,,,,,,,,,,,,,,,,,,,,,,,,,,,Labour force 4,,,,,,,,,,,,,,,,,,,,,,,,,,,,,,Employment 5,,,,,,,,,,,,,,,,,,,,,,,,,,,,,,Unemployment 6,,,,,,,,,,,,,,,,,,,,,,,,,,,,,
,Males,,,,,,,,,,,,,,,Females,,,,,,,,,,,,,,,Males,,,,,,,,,,,,,,,Females,,,,,,,,,,,,,,,Males,,,,,,,,,,,,,,,Females,,,,,,,,,,,,,,,Males,,,,,,,,,,,,,,,Females,,,,,,,,,,,,,,,Males,,,,,,,,,,,,,,,Females,,,,,,,,,,,,,,,Males,,,,,,,,,,,,,,,Females,,,,,,,,,,,,,,,Males,,,,,,,,,,,,,,,Females,,,,,,,,,,,,,,,Males,,,,,,,,,,,,,,,Females,,,,,,,,,,,,,,,Males,,,,,,,,,,,,,,,Females,,,,,,,,,,,,,,,Males,,,,,,,,,,,,,,,Females,,,,,,,,,,,,,,,Males,,,,,,,,,,,,,,,Females,,,,,,,,,,,,,,,Males,,,,,,,,,,,,,,,Females,,,,,,,,,,,,,,,Males,,,,,,,,,,,,,,,Females,,,,,,,,,,,,,,,Males,,,,,,,,,,,,,,,Females,,,,,,,,,,,,,,,Males,,,,,,,,,,,,,,,Females,,,,,,,,,,,,,,,Males,,,,,,,,,,,,,,,Females,,,,,,,,,,,,,,,Males,,,,,,,,,,,,,,,Females,,,,,,,,,,,,,,,Males,,,,,,,,,,,,,,,Females,,,,,,,,,,,,,,,Males,,,,,,,,,,,,,,,Females,,,,,,,,,,,,,,,Males,,,,,,,,,,,,,,,Females,,,,,,,,,,,,,,,Males,,,,,,,,,,,,,,,Females,,,,,,,,,,,,,,,Males,,,,,,,,,,,,,,,Females,,,,,,,,,,,,,,,Males,,,,,,,,,,,,,,,Females,,,,,,,,,,,,,,,Males,,,,,,,,,,,,,,,Females,,,,,,,,,,,,,,,Males,,,,,,,,,,,,,,,Females,,,,,,,,,,,,,,,Males,,,,,,,,,,,,,,,Females,,,,,,,,,,,,,,,Males,,,,,,,,,,,,,,,Females,,,,,,,,,,,,,,,Males,,,,,,,,,,,,,,,Females,,,,,,,,,,,,,,,Males,,,,,,,,,,,,,,,Females,,,,,,,,,,,,,,,Males,,,,,,,,,,,,,,,Females,,,,,,,,,,,,,,
,15 to 24 years,,,,,25 to 54 years,,,,,55 years and over,,,,,15 to 24 years,,,,,25 to 54 years,,,,,55 years and over,,,,,15 to 24 years,,,,,25 to 54 years,,,,,55 years and over,,,,,15 to 24 years,,,,,25 to 54 years,,,,,55 years and over,,,,,15 to 24 years,,,,,25 to 54 years,,,,,55 years and over,,,,,15 to 24 years,,,,,25 to 54 years,,,,,55 years and over,,,,,15 to 24 years,,,,,25 to 54 years,,,,,55 years and over,,,,,15 to 24 years,,,,,25 to 54 years,,,,,55 years and over,,,,,15 to 24 years,,,,,25 to 54 years,,,,,55 years and over,,,,,15 to 24 years,,,,,25 to 54 years,,,,,55 years and over,,,,,15 to 24 years,,,,,25 to 54 years,,,,,55 years and over,,,,,15 to 24 years,,,,,25 to 54 years,,,,,55 years and over,,,,,15 to 24 years,,,,,25 to 54 years,,,,,55 years and over,,,,,15 to 24 years,,,,,25 to 54 years,,,,,55 years and over,,,,,15 to 24 years,,,,,25 to 54 years,,,,,55 years and over,,,,,15 to 24 years,,,,,25 to 54 years,,,,,55 years and over,,,,,15 to 24 years,,,,,25 to 54 years,,,,,55 years and over,,,,,15 to 24 years,,,,,25 to 54 years,,,,,55 years and over,,,,,15 to 24 years,,,,,25 to 54 years,,,,,55 years and over,,,,,15 to 24 years,,,,,25 to 54 years,,,,,55 years and over,,,,,15 to 24 years,,,,,25 to 54 years,,,,,55 years and over,,,,,15 to 24 years,,,,,25 to 54 years,,,,,55 years and over,,,,,15 to 24 years,,,,,25 to 54 years,,,,,55 years and over,,,,,15 to 24 years,,,,,25 to 54 years,,,,,55 years and over,,,,,15 to 24 years,,,,,25 to 54 years,,,,,55 years and over,,,,,15 to 24 years,,,,,25 to 54 years,,,,,55 years and over,,,,,15 to 24 years,,,,,25 to 54 years,,,,,55 years and over,,,,,15 to 24 years,,,,,25 to 54 years,,,,,55 years and over,,,,,15 to 24 years,,,,,25 to 54 years,,,,,55 years and over,,,,,15 to 24 years,,,,,25 to 54 years,,,,,55 years and over,,,,,15 to 24 years,,,,,25 to 54 years,,,,,55 years and over,,,,,15 to 24 years,,,,,25 to 54 years,,,,,55 years and over,,,,,15 to 24 years,,,,,25 to 54 years,,,,,55 years and over,,,,,15 to 24 years,,,,,25 to 54 years,,,,,55 years and over,,,,,15 to 24 years,,,,,25 to 54 years,,,,,55 years and over,,,,,15 to 24 years,,,,,25 to 54 years,,,,,55 years and over,,,,,15 to 24 years,,,,,25 to 54 years,,,,,55 years and over,,,,,15 to 24 years,,,,,25 to 54 years,,,,,55 years and over,,,,,15 to 24 years,,,,,25 to 54 years,,,,,55 years and over,,,,,15 to 24 years,,,,,25 to 54 years,,,,,55 years and over,,,,,15 to 24 years,,,,,25 to 54 years,,,,,55 years and over,,,,,15 to 24 years,,,,,25 to 54 years,,,,,55 years and over,,,,,15 to 24 years,,,,,25 to 54 years,,,,,55 years and over,,,,,15 to 24 years,,,,,25 to 54 years,,,,,55 years and over,,,,,15 to 24 years,,,,,25 to 54 years,,,,,55 years and over,,,,,15 to 24 years,,,,,25 to 54 years,,,,,55 years and over,,,,,15 to 24 years,,,,,25 to 54 years,,,,,55 years and over,,,,,15 to 24 years,,,,,25 to 54 years,,,,,55 years and over,,,,,15 to 24 years,,,,,25 to 54 years,,,,,55 years and over,,,,,15 to 24 years,,,,,25 to 54 years,,,,,55 years and over,,,,,15 to 24 years,,,,,25 to 54 years,,,,,55 years and over,,,,,15 to 24 years,,,,,25 to 54 years,,,,,55 years and over,,,,,15 to 24 years,,,,,25 to 54 years,,,,,55 years and over,,,,,15 to 24 years,,,,,25 to 54 years,,,,,55 years and over,,,,,15 to 24 years,,,,,25 to 54 years,,,,,55 years and over,,,,,15 to 24 years,,,,,25 to 54 years,,,,,55 years and over,,,,,15 to 24 years,,,,,25 to 54 years,,,,,55 years and over,,,,,15 to 24 years,,,,,25 to 54 years,,,,,55 years and over,,,,,15 to 24 years,,,,,25 to 54 years,,,,,55 years and over,,,,,15 to 24 years,,,,,25 to 54 years,,,,,55 years and over,,,,
NAICS,2015,2016,2017,2018,2019,2015,2016,2017,2018,2019,2015,2016,2017,2018,2019,2015,2016,2017,2018,2019,2015,2016,2017,2018,2019,2015,2016,2017,2018,2019,2015,2016,2017,2018,2019,2015,2016,2017,2018,2019,2015,2016,2017,2018,2019,2015,2016,2017,2018,2019,2015,2016,2017,2018,2019,2015,2016,2017,2018,2019,2015,2016,2017,2018,2019,2015,2016,2017,2018,2019,2015,2016,2017,2018,2019,2015,2016,2017,2018,2019,2015,2016,2017,2018,2019,2015,2016,2017,2018,2019,2015,2016,2017,2018,2019,2015,2016,2017,2018,2019,2015,2016,2017,2018,2019,2015,2016,2017,2018,2019,2015,2016,2017,2018,2019,2015,2016,2017,2018,2019,2015,2016,2017,2018,2019,2015,2016,2017,2018,2019,2015,2016,2017,2018,2019,2015,2016,2017,2018,2019,2015,2016,2017,2018,2019,2015,2016,2017,2018,2019,2015,2016,2017,2018,2019,2015,2016,2017,2018,2019,2015,2016,2017,2018,2019,2015,2016,2017,2018,2019,2015,2016,2017,2018,2019,2015,2016,2017,2018,2019,2015,2016,2017,2018,2019,2015,2016,2017,2018,2019,2015,2016,2017,2018,2019,2015,2016,2017,2018,2019,2015,2016,2017,2018,2019,2015,2016,2017,2018,2019,2015,2016,2017,2018,2019,2015,2016,2017,2018,2019,2015,2016,2017,2018,2019,2015,2016,2017,2018,2019,2015,2016,2017,2018,2019,2015,2016,2017,2018,2019,2015,2016,2017,2018,2019,2015,2016,2017,2018,2019,2015,2016,2017,2018,2019,2015,2016,2017,2018,2019,2015,2016,2017,2018,2019,2015,2016,2017,2018,2019,2015,2016,2017,2018,2019,2015,2016,2017,2018,2019,2015,2016,2017,2018,2019,2015,2016,2017,2018,2019,2015,2016,2017,2018,2019,2015,2016,2017,2018,2019,2015,2016,2017,2018,2019,2015,2016,2017,2018,2019,2015,2016,2017,2018,2019,2015,2016,2017,2018,2019,2015,2016,2017,2018,2019,2015,2016,2017,2018,2019,2015,2016,2017,2018,2019,2015,2016,2017,2018,2019,2015,2016,2017,2018,2019,2015,2016,2017,2018,2019,2015,2016,2017,2018,2019,2015,2016,2017,2018,2019,2015,2016,2017,2018,2019,2015,2016,2017,2018,2019,2015,2016,2017,2018,2019,2015,2016,2017,2018,2019,2015,2016,2017,2018,2019,2015,2016,2017,2018,2019,2015,2016,2017,2018,2019,2015,2016,2017,2018,2019,2015,2016,2017,2018,2019,2015,2016,2017,2018,2019,2015,2016,2017,2018,2019,2015,2016,2017,2018,2019,2015,2016,2017,2018,2019,2015,2016,2017,2018,2019,2015,2016,2017,2018,2019,2015,2016,2017,2018,2019,2015,2016,2017,2018,2019,2015,2016,2017,2018,2019,2015,2016,2017,2018,2019,2015,2016,2017,2018,2019,2015,2016,2017,2018,2019,2015,2016,2017,2018,2019,2015,2016,2017,2018,2019,2015,2016,2017,2018,2019,2015,2016,2017,2018,2019,2015,2016,2017,2018,2019,2015,2016,2017,2018,2019,2015,2016,2017,2018,2019,2015,2016,2017,2018,2019,2015,2016,2017,2018,2019,2015,2016,2017,2018,2019,2015,2016,2017,2018,2019,2015,2016,2017,2018,2019,2015,2016,2017,2018,2019,2015,2016,2017,2018,2019,2015,2016,2017,2018,2019,2015,2016,2017,2018,2019,2015,2016,2017,2018,2019,2015,2016,2017,2018,2019,2015,2016,2017,2018,2019,2015,2016,2017,2018,2019,2015,2016,2017,2018,2019,2015,2016,2017,2018,2019,2015,2016,2017,2018,2019,2015,2016,2017,2018,2019,2015,2016,2017,2018,2019,2015,2016,2017,2018,2019,2015,2016,2017,2018,2019,2015,2016,2017,2018,2019,2015,2016,2017,2018,2019,2015,2016,2017,2018,2019,2015,2016,2017,2018,2019,2015,2016,2017,2018,2019,2015,2016,2017,2018,2019,2015,2016,2017,2018,2019,2015,2016,2017,2018,2019,2015,2016,2017,2018,2019,2015,2016,2017,2018,2019,2015,2016,2017,2018,2019,2015,2016,2017,2018,2019,2015,2016,2017,2018,2019,2015,2016,2017,2018,2019,2015,2016,2017,2018,2019,2015,2016,2017,2018,2019,2015,2016,2017,2018,2019,2015,2016,2017,2018,2019,2015,2016,2017,2018,2019,2015,2016,2017,2018,2019,2015,2016,2017,2018,2019,2015,2016,2017,2018,2019,2015,2016,2017,2018,2019,2015,2016,2017,2018,2019,2015,2016,2017,2018,2019,2015,2016,2017,2018,2019,2015,2016,2017,2018,2019,2015,2016,2017,2018,2019,2015,2016,2017,2018,2019,2015,2016,2017,2018,2019,2015,2016,2017,2018,2019,2015,2016,2017,2018,2019,2015,2016,2017,2018,2019,2015,2016,2017,2018,2019,2015,2016,2017,2018,2019,2015,2016,2017,2018,2019,2015,2016,2017,2018,2019,2015,2016,2017,2018,2019,2015,2016,2017,2018,2019,2015,2016,2017,2018,2019,2015,2016,2017,2018,2019,2015,2016,2017,2018,2019,2015,2016,2017,2018,2019,2015,2016,2017,2018,2019,2015,2016,2017,2018,2019,2015,2016,2017,2018,2019,2015,2016,2017,2018,2019,2015,2016,2017,2018,2019,2015,2016,2017,2018,2019,2015,2016,2017,2018,2019,2015,2016,2017,2018,2019,2015,2016,2017,2018,2019,2015,2016,2017,2018,2019,2015,2016,2017,2018,2019,2015,2016,2017,2018,2019,2015,2016,2017,2018,2019,2015,2016,2017,2018,2019,2015,2016,2017,2018,2019,2015,2016,2017,2018,2019,2015,2016,2017,2018,2019
Agriculture,x,x,x,x,x,0.9,0.8,0.9,0.6,x,x,x,x,0.8,x,x,x,x,x,x,x,x,x,x,x,x,x,x,x,x,x,x,x,x,x,0.7,0.8,0.7,0.5,x,x,x,x,0.8,x,x,x,x,x,x,x,x,x,x,x,x,x,x,x,x,x,x,x,x,x,x,x,x,x,x,x,x,x,x,x,x,x,x,x,x,x,x,x,x,x,x,x,x,x,x,0.6,0.4,0.4,0.6,0.7,1.6,1.6,1.5,1.5,1.7,1,1,1,1.2,1.2,x,x,x,x,x,0.6,0.5,0.6,0.7,0.6,0.4,0.2,0.3,0.5,0.5,0.4,0.4,0.3,0.5,0.6,1.2,1.3,1.2,1.3,1.5,0.8,0.8,0.8,1.1,1,x,x,x,x,x,0.5,0.4,0.5,0.6,0.6,0.3,0.2,0.2,0.4,0.4,x,x,x,x,x,0.4,0.3,0.3,0.2,0.3,0.2,0.2,0.2,x,0.2,x,x,x,x,x,0.2,x,x,x,x,x,x,x,x,x,0.8,0.6,0.7,0.5,1,1.9,2,1.8,1.7,1.7,1.4,1.4,1.1,1.6,1.5,x,x,x,x,x,1.1,0.7,0.9,0.9,1,0.7,0.5,0.6,0.8,0.6,0.6,x,0.6,x,1,1.6,1.7,1.5,1.6,1.7,1.4,1.1,0.9,1.6,1.4,x,x,x,x,x,0.9,0.6,0.9,0.8,0.9,0.5,x,0.5,0.7,0.6,x,x,x,x,x,x,x,x,x,x,x,x,x,x,x,x,x,x,x,x,x,x,x,x,x,x,x,x,x,x,0.7,0.7,0.7,0.7,0.6,1.8,2.2,2,2.7,2.3,0.9,1.4,1.4,1.7,1.5,x,x,x,x,x,0.9,0.9,0.9,0.8,1.5,x,0.5,x,0.5,0.9,0.6,0.6,0.6,0.5,x,1.6,2,1.8,2.5,2,0.7,1.2,1.3,1.5,1.3,x,x,x,x,x,0.8,0.7,0.8,0.7,1.3,x,x,x,x,0.7,x,x,x,x,x,x,x,x,x,x,x,x,x,x,x,x,x,x,x,x,x,x,x,x,x,x,x,x,x,x,7.8,5.3,4.9,5.1,5.4,20.8,20.9,20.4,20.4,21.1,12.9,14.5,14.7,15.7,11.8,2.2,2.6,1.8,2,2.7,10,11.4,10.5,10,10.8,4.3,5.2,7.7,5.7,6.7,7.1,5.1,4.4,5,4.6,19.7,20.3,20,19.6,20.4,12.5,13.4,14.3,15.4,11.3,1.9,2.4,1.5,1.8,2.5,9.4,10.4,9.7,8.8,10,3.9,4.9,7.2,5.4,6.7,x,x,x,x,x,x,x,x,x,x,x,x,x,x,x,x,x,x,x,x,x,x,x,x,x,x,x,x,x,x,9.1,10.1,8.5,7.3,5.7,25.3,22.2,21.1,22.2,23.7,20.3,20.6,17.1,15.5,19.6,5,7.2,6.1,6.3,5.4,11.1,12.2,11.5,12.1,13.4,8.3,9.2,7.4,8.1,9.1,8.5,8.5,7.7,6.8,5.6,25,21.4,20.8,21.9,23,20,20.4,16.8,15.2,18.8,4.5,6.9,5.4,5.5,4.9,10.7,11.6,11,11.7,12.9,8.1,8.8,6.6,7.9,8.8,x,1.5,x,x,x,x,x,x,x,x,x,x,x,x,x,x,x,x,x,x,x,x,x,x,x,x,x,x,x,x,2.9,3.5,2.2,2.9,2.6,9,8.3,9.1,9.1,11.2,5.8,7.6,7.5,8.2,6.6,0.6,0.8,0.9,0.8,0.7,3.5,2.8,2.9,2.8,2.8,1.8,1.9,1.9,2.3,2,2.8,3.3,2,2.8,2.6,8.8,8.2,8.9,9,11,5.8,7.4,7.5,7.9,6.5,0.5,0.8,0.8,0.8,0.7,3.4,2.7,2.8,2.7,2.7,1.8,1.9,1.9,2.2,2,x,x,x,x,x,x,x,x,x,x,x,x,x,x,x,x,x,x,x,x,x,x,x,x,x,x,x,x,x,x,3.3,3.4,3.2,2.8,3.2,13.8,14.9,12.7,12.8,15.4,15,14.3,13.3,13.8,12.8,0.8,0.9,0.6,0.7,0.8,3.7,4.1,3.3,3.2,3.9,5.3,4.5,4.6,4.3,4.3,3.1,3.1,3,2.7,3,13.7,14.6,12.5,12.6,15.1,14.8,14,13.1,13.6,12.7,0.7,0.9,0.5,0.7,0.7,3.7,4,3.2,3.2,3.8,5.3,4.5,4.6,4.3,4.3,x,x,x,x,x,x,x,x,x,x,x,x,x,x,x,x,x,x,x,x,x,x,x,x,x,x,x,x,x,x,7.8,5.5,6.7,5.4,5.9,19.7,17.4,17,16.3,15.7,17.8,16.1,13.8,15.6,15.1,4,x,2.1,2,1.7,8.2,5.9,7.5,5,6.2,5.7,5.7,5.9,6.2,5.9,7.6,5.3,6.6,5.1,5.5,19.5,17.1,16.9,15.8,15.4,17.8,15.9,13.6,15.5,14.9,4,x,2,1.8,x,8.1,5.8,7.1,5,6.1,5.7,5.6,5.9,6.2,5.8,x,x,x,x,x,x,x,x,x,x,x,x,x,x,x,x,x,x,x,x,x,x,x,x,x,x,x,x,x,x,x,2.4,2,2.1,1.5,5.6,5.9,9.8,4.9,8.1,6,7.3,5.8,5.6,5.7,x,x,x,x,1.7,6.7,5.1,4.6,7.2,6.8,4.4,5.9,5.3,4.7,5.5,x,2.2,x,1.7,x,5.2,5.3,9.4,4.8,7.8,5.1,6.1,5.2,5.4,5.2,x,x,x,x,1.5,6,4.5,4.2,6.5,6.3,3.3,5.1,4.7,4.2,4.5,x,x,x,x,x,x,x,x,x,x,x,x,x,x,x,x,x,x,x,x,x,x,x,x,x,x,x,x,x,x
Forestry and logging and support activities for forestry,x,x,x,x,x,0.9,0.8,0.9,0.5,0.7,x,x,x,x,x,x,x,x,x,x,x,x,x,x,x,x,x,x,x,x,x,x,x,x,x,0.8,0.5,0.6,x,0.6,x,x,x,x,x,x,x,x,x,x,x,x,x,x,x,x,x,x,x,x,x,x,x,x,x,x,x,x,x,x,x,x,x,x,x,x,x,x,x,x,x,x,x,x,x,x,x,x,x,x,x,x,x,x,x,x,x,0.2,x,0.2,x,x,x,x,x,x,x,x,x,x,x,x,x,x,x,x,x,x,x,x,x,x,x,x,x,x,x,0.2,x,x,x,x,x,x,x,x,x,x,x,x,x,x,x,x,x,x,x,x,x,x,x,x,x,x,x,x,x,x,x,x,x,x,x,x,x,x,x,x,x,x,x,x,x,x,x,x,x,x,x,x,x,x,x,x,x,1.8,1.4,1,1.8,1.2,0.5,0.8,0.6,x,0.8,x,x,x,x,x,x,x,x,x,x,x,x,x,x,x,x,x,x,x,x,1.4,1.3,0.8,1.6,1.1,0.5,0.6,0.5,x,0.7,x,x,x,x,x,x,x,x,x,x,x,x,x,x,x,x,x,x,x,x,x,x,x,x,x,x,x,x,x,x,x,x,x,x,x,x,x,x,x,x,x,x,x,x,x,x,x,0.5,x,x,2,2.5,2.3,1.9,2,1.4,1.3,1.1,1.2,1.3,x,x,x,x,x,x,x,x,x,x,x,x,x,x,x,x,x,x,x,x,1.6,2,1.7,1.6,1.7,1.1,0.9,0.9,1,1.1,x,x,x,x,x,x,x,x,x,x,x,x,x,x,x,x,x,x,x,x,x,0.5,0.6,x,x,x,x,x,x,x,x,x,x,x,x,x,x,x,x,x,x,x,x,x,x,x,x,x,1.9,x,7,6.1,7,8.2,8.4,3.5,3.6,4,5.8,5.1,x,x,x,x,x,x,1.6,x,x,x,x,x,x,x,x,x,x,x,1.7,x,5.7,4.9,6.2,7,7.4,3,2.6,3.6,4.5,4.5,x,x,x,x,x,x,x,x,x,x,x,x,x,x,x,x,x,x,x,x,x,x,x,x,x,x,x,x,x,x,x,x,x,x,x,x,x,x,x,x,x,x,x,x,x,2.3,x,x,x,x,2.8,4.1,3.1,3,2.8,x,x,x,x,x,x,x,x,x,x,x,x,x,x,x,x,x,x,x,x,2,x,x,x,x,2.6,4,2.9,2.6,2.5,x,x,x,x,x,x,x,x,x,x,x,x,x,x,x,x,x,x,x,x,x,x,x,x,x,x,x,x,x,x,x,x,x,x,x,x,x,x,x,x,x,x,x,x,x,x,x,x,x,x,x,x,x,x,x,x,0.5,x,x,x,x,x,x,x,x,x,x,x,x,x,x,x,x,x,x,x,x,x,x,x,x,x,x,x,x,x,0.5,x,x,x,x,x,x,x,x,x,x,x,x,x,x,x,x,x,x,x,x,x,x,x,x,x,x,x,x,x,x,x,x,x,x,x,x,x,x,x,x,x,x,x,x,x,x,x,x,x,x,x,x,x,x,x,x,x,x,0.5,0.5,x,0.5,x,x,x,x,x,x,x,x,x,x,x,x,x,x,x,x,x,x,x,x,x,x,x,x,x,x,x,0.5,x,0.5,x,x,x,x,x,x,x,x,x,x,x,x,x,x,x,x,x,x,x,x,x,x,x,x,x,x,x,x,x,x,x,x,x,x,x,x,x,x,x,x,x,x,x,x,x,x,x,x,x,x,x,x,x,x,x,x,1.5,2.3,2.1,2.9,1.9,x,x,x,x,x,x,x,x,x,x,x,x,x,x,x,x,x,x,x,x,x,x,x,x,x,x,2,2,2.7,1.8,x,x,x,x,x,x,x,x,x,x,x,x,x,x,x,x,x,x,x,x,x,x,x,x,x,x,x,x,x,x,x,x,x,x,x,x,x,x,x,x,x,x,x,x,x,x,x,x,x,x,2.1,2.1,2.6,x,1.7,11.7,10.5,9.5,9.9,8.6,3.7,4.6,4.7,5.4,4.2,x,x,x,x,x,2.5,2.9,1.9,2,2.5,x,x,x,x,x,1.9,1.8,2.2,x,x,10.9,9.5,8.6,9.2,8,3.4,4.3,4.4,5.3,3.8,x,x,x,x,x,2.5,2.9,1.9,2,2.4,x,x,x,x,x,x,x,x,x,x,x,x,x,x,x,x,x,x,x,x,x,x,x,x,x,x,x,x,x,x,x,x,x,x,x
"Fishing, hunting and trapping",x,x,x,x,x,2.7,1.8,2.1,2.2,2,1.2,1.3,1.2,1.5,1.8,x,x,x,x,x,x,0.6,0.6,0.6,0.6,x,x,x,x,x,x,x,x,x,x,1.8,1.4,1.4,1.6,1.5,1,1.1,0.9,1.3,1.5,x,x,x,x,x,x,x,x,x,x,x,x,x,x,x,x,x,x,x,x,0.9,0.5,0.7,0.5,0.5,x,x,x,x,x,x,x,x,x,x,x,x,x,x,x,x,x,x,x,x,x,0.3,0.2,0.3,0.2,1.2,1.2,1.4,1.3,1.1,0.5,0.7,0.8,0.9,0.8,x,x,x,x,x,0.3,0.2,0.2,0.3,0.3,x,0.2,x,0.2,0.2,x,0.2,x,0.2,x,0.9,0.9,0.9,0.9,0.8,0.4,0.6,0.7,0.7,0.5,x,x,x,x,x,0.2,0.2,0.2,0.2,0.2,x,x,x,x,0.2,x,x,x,x,x,0.3,0.3,0.5,0.4,0.3,x,x,0.2,0.2,0.2,x,x,x,x,x,x,x,x,x,x,x,x,x,x,x,0.8,0.5,x,0.6,0.9,4.1,3.9,4,3,4.3,1.7,1.3,2.2,1.1,1.8,x,x,x,x,x,x,0.7,0.6,x,0.5,x,x,x,x,x,0.5,x,x,x,0.6,3.1,2.6,2.8,2.1,3.2,1.3,1.1,1.7,1,1.3,x,x,x,x,x,x,0.5,0.5,x,x,x,x,x,x,x,x,x,x,x,x,1,1.3,1.2,0.9,1.1,x,x,0.5,x,0.5,x,x,x,x,x,x,x,x,x,x,x,x,x,x,x,x,x,x,x,x,1.1,1.2,1.4,1.2,1.8,0.8,1,0.6,0.8,0.9,x,x,x,x,x,x,x,x,x,x,x,x,x,x,x,x,x,x,x,x,0.9,0.8,0.9,0.8,1.4,0.7,0.7,0.5,0.7,0.6,x,x,x,x,x,x,x,x,x,x,x,x,x,x,x,x,x,x,x,x,x,x,0.5,x,0.5,x,x,x,x,x,x,x,x,x,x,x,x,x,x,x,x,x,x,x,x,x,x,x,x,x,x,x,x,x,x,x,x,x,x,x,x,x,x,x,x,x,x,x,x,x,x,x,x,x,x,x,x,x,x,x,x,x,x,x,x,x,x,x,x,x,x,x,x,x,x,x,x,x,x,x,x,x,x,x,x,x,x,x,x,x,x,x,x,x,x,x,x,x,x,x,x,x,x,x,x,x,x,x,x,x,x,x,x,x,x,x,x,x,x,x,x,x,x,x,x,x,x,x,x,x,x,x,x,x,x,x,x,x,x,x,x,x,x,x,x,x,x,x,x,x,x,x,x,x,x,x,x,x,x,x,x,x,x,x,x,x,x,x,x,x,x,x,x,x,x,x,x,x,x,x,x,x,x,x,x,x,x,x,x,x,x,x,x,x,x,x,x,x,x,x,x,x,x,x,x,x,x,x,x,x,x,x,x,x,x,x,x,x,x,x,x,x,x,x,x,x,x,x,x,x,x,x,x,x,x,x,x,x,x,x,x,x,x,x,x,x,x,x,x,x,x,x,x,x,x,x,x,x,x,x,x,x,x,x,x,x,x,x,x,x,x,x,x,x,x,x,x,x,x,x,x,x,x,x,x,x,x,x,x,x,x,x,x,x,x,x,x,x,x,x,x,x,x,x,x,x,x,x,x,x,x,x,x,x,x,x,x,x,x,x,x,x,x,x,x,x,x,x,x,x,x,x,x,x,x,x,x,x,x,x,x,x,x,x,x,x,x,x,x,x,x,x,x,x,x,x,x,x,x,x,x,x,x,x,x,x,x,x,x,x,x,x,x,x,x,x,x,x,x,x,x,x,x,x,x,x,x,x,x,x,x,x,x,x,x,x,x,x,x,x,x,x,x,x,x,x,x,x,x,x,x,x,x,x,x,x,x,x,x,x,x,x,x,x,x,x,x,x,x,x,x,x,x,x,x,x,x,x,x,x,x,x,x,x,x,x,x,x,x,x,x,x,x,x,x,x,x,x,x,x,x,x,x,x,x,x,x,x,x,x,x,x,x,x,x,x,x,x,x,x,x,x,x,1.8,x,x,x,x,x,x,x,x,x,x,x,x,x,x,x,x,x,x,x,x,x,x,x,x,x,x,x,x,x,1.7,x,x,x,x,x,x,x,x,x,x,x,x,x,x,x,x,x,x,x,x,x,x,x,x,x,x,x,x,x,x,x,x,x,x,x,x,x,x,x,x,x,x,x,x,x,x,x,x,x,x,x
"Mining, quarrying, and oil and gas extraction",0.9,0.5,x,0.5,x,8.1,7.8,5.6,5.6,6.8,2.4,1.9,1.7,1.1,1.6,x,x,x,x,x,1.6,2,1.3,1.5,1,x,x,x,x,x,0.7,x,x,0.5,x,7.1,6.7,5,5.2,6.3,1.8,1.2,1.5,1,1.5,x,x,x,x,x,1.5,1.7,1.2,1.4,1,x,x,x,x,x,x,x,x,x,x,1.1,1.2,0.6,x,0.5,0.6,0.7,x,x,x,x,x,x,x,x,x,x,x,x,x,x,x,x,x,x,x,x,x,x,x,0.4,0.2,0.3,0.3,0.3,x,x,x,x,x,x,x,x,x,x,x,x,x,x,x,x,x,x,x,x,x,x,x,x,x,0.3,0.2,0.2,0.3,0.2,x,x,x,x,x,x,x,x,x,x,x,x,x,x,x,x,x,x,x,x,x,x,x,x,x,x,x,x,x,x,x,x,x,x,x,x,x,x,x,x,x,x,x,x,x,x,x,x,x,x,x,x,x,x,x,3.4,3.2,2.2,1.9,2.5,0.8,1,0.7,0.7,0.6,x,x,x,x,x,x,x,x,x,x,x,x,x,x,x,x,x,x,x,x,2.7,2.6,2,1.6,2.3,0.6,0.9,0.7,0.5,0.5,x,x,x,x,x,x,x,x,x,x,x,x,x,x,x,x,x,x,x,x,0.7,0.5,x,x,x,x,x,x,x,x,x,x,x,x,x,x,x,x,x,x,x,x,x,x,x,x,x,x,x,x,4.3,3.2,2.1,2.7,2.5,0.8,1.1,0.5,1.3,0.8,x,x,x,x,x,0.8,0.6,x,0.5,0.9,x,x,x,x,x,x,x,x,x,x,3.9,2.5,1.9,2.5,2.2,0.7,0.9,0.5,1,0.6,x,x,x,x,x,0.8,0.6,x,0.5,0.9,x,x,x,x,x,x,x,x,x,x,x,0.6,x,x,x,x,x,x,x,x,x,x,x,x,x,x,x,x,x,x,x,x,x,x,x,1.5,x,1.5,1.8,2.4,15.7,14.7,14.9,15.7,17.1,3.1,3.2,3.6,3.5,5.1,x,x,x,x,x,1.7,2.1,2.3,2.4,2.4,x,x,x,x,x,x,x,x,1.6,2.3,14.4,14.2,14.6,15.3,16.6,3,3,3.4,3.4,4.9,x,x,x,x,x,1.7,1.8,2.1,2.3,2.4,x,x,x,x,x,x,x,x,x,x,x,x,x,x,x,x,x,x,x,x,x,x,x,x,x,x,x,x,x,x,x,x,x,x,x,2.7,1.7,2,2.8,1.6,22.9,20.2,19.2,18.3,20.5,6.8,4.9,4.8,4.2,5,x,x,x,x,x,3.9,4,4,3.2,2.9,x,x,x,x,x,2.2,x,1.8,2.7,1.5,21.9,18.9,18.1,18,19.4,6.3,4.5,4.5,4,4.8,x,x,x,x,x,3.6,3.8,4,3.1,2.8,x,x,x,x,x,x,x,x,x,x,x,x,x,x,x,x,x,x,x,x,x,x,x,x,x,x,x,x,x,x,x,x,x,x,x,0.5,x,x,x,x,3.4,3.9,4.6,4.5,3.4,1,0.9,0.9,0.9,0.9,x,x,x,x,x,x,0.5,0.5,x,x,x,x,x,x,x,x,x,x,x,x,2.9,3.7,4.4,4.1,3.3,0.9,0.9,0.9,0.8,0.8,x,x,x,x,x,x,0.5,x,x,x,x,x,x,x,x,x,x,x,x,x,0.5,x,x,x,x,x,x,x,x,x,x,x,x,x,x,x,x,x,x,x,x,x,x,x,x,1.9,2.2,1.8,1.5,1.3,18.7,16.1,16.4,15.9,15.6,3.7,3.7,2.7,3.5,3.1,x,x,x,x,x,2.6,3.2,2.8,2,2.3,x,x,x,x,x,1.7,2,1.6,1.5,1.2,17.3,15.1,15.8,15.4,15.1,3.5,3.5,2.6,3.2,3,x,x,x,x,x,2.4,3,2.8,1.9,2.3,x,x,x,x,x,x,x,x,x,x,1.4,1,0.6,0.5,0.6,x,x,x,x,x,x,x,x,x,x,x,x,x,x,x,x,x,x,x,x,12.7,5.8,7,7.8,6.7,95,91.7,88.9,95,90.9,20,17.1,20.6,18.4,19,2,1.5,x,x,2.2,31.1,30,26.9,27.2,24.1,7.4,4.7,4.2,4.5,5.9,10.9,4.8,6.3,7.4,6.2,87.1,82.4,84.5,91.7,86.2,18.6,15.1,19.5,17,18.1,1.9,x,x,x,2,29.9,28.4,24.7,26.3,23.7,6.9,3.9,4,4,5.5,1.8,x,x,x,x,8,9.3,4.4,3.3,4.7,x,2,x,x,x,x,x,x,x,x,x,1.6,2.2,x,x,x,x,x,x,x,1.8,1.8,x,x,x,21.1,20.2,17.1,18.9,16.8,3.8,5,7.5,5.3,5.8,x,x,x,x,x,3.6,4.7,2.6,3.4,3.1,x,x,x,x,x,x,1.5,x,x,x,18.5,18.5,16.6,18.4,16.3,3.3,4.7,7.1,4.8,5.4,x,x,x,x,x,3.4,4.5,2.6,3.3,2.9,x,x,x,x,x,x,x,x,x,x,2.7,1.8,x,x,x,x,x,x,x,x,x,x,x,x,x,x,x,x,x,x,x,x,x,x,x
Utilities,x,x,x,x,x,1.7,1.5,1.8,2,1.7,0.6,0.7,0.7,0.7,0.5,x,x,x,x,x,x,0.5,x,x,x,x,x,x,x,x,x,x,x,x,x,1.7,1.5,1.7,1.8,1.6,0.5,0.7,0.6,0.6,x,x,x,x,x,x,x,0.5,x,x,x,x,x,x,x,x,x,x,x,x,x,x,x,x,x,x,x,x,x,x,x,x,x,x,x,x,x,x,x,x,x,x,x,x,x,x,x,x,x,x,x,0.3,0.2,x,x,0.2,x,x,x,x,x,x,x,x,x,x,x,x,x,x,x,x,x,x,x,x,x,x,x,x,x,0.3,0.2,x,x,0.2,x,x,x,x,x,x,x,x,x,x,x,x,x,x,x,x,x,x,x,x,x,x,x,x,x,x,x,x,x,x,x,x,x,x,x,x,x,x,x,x,x,x,x,x,x,x,x,x,x,x,x,x,x,x,x,2.6,2.5,2.1,1.8,2.2,0.5,0.6,0.5,0.7,0.7,x,x,x,x,x,x,x,0.9,0.7,0.7,x,x,x,x,x,x,x,x,x,x,2.6,2.4,2.1,1.8,2.2,x,0.6,0.5,0.7,0.6,x,x,x,x,x,x,x,0.9,0.7,0.7,x,x,x,x,x,x,x,x,x,x,x,x,x,x,x,x,x,x,x,x,x,x,x,x,x,x,x,x,x,x,x,x,x,x,x,x,x,x,x,x,2,2.3,2,1.8,1.8,0.8,0.5,0.6,x,0.5,x,x,x,x,x,0.5,0.8,0.7,0.6,0.7,x,x,x,x,x,x,x,x,x,x,2,2.3,2,1.8,1.7,0.8,0.5,0.6,x,0.5,x,x,x,x,x,0.5,0.8,0.7,0.6,0.7,x,x,x,x,x,x,x,x,x,x,x,x,x,x,x,x,x,x,x,x,x,x,x,x,x,x,x,x,x,x,x,x,x,x,x,x,x,x,x,x,20.5,17.5,13.3,17,16.1,2.8,3.3,1.8,2.9,2.9,x,x,x,x,x,3.6,4.4,9,6.1,4.1,x,1.6,x,x,1.8,x,x,x,x,x,20.4,17.3,13.2,16.7,15.9,2.8,3.3,1.8,2.9,2.9,x,x,x,x,x,3.5,4.4,8.4,6.1,4,x,1.6,x,x,1.8,x,x,x,x,x,x,x,x,x,x,x,x,x,x,x,x,x,x,x,x,x,x,x,x,x,x,x,x,x,x,2,3,1.7,1.5,3.1,27.6,26.3,26.4,30.9,33.2,8,8.3,8.8,10.4,7.3,x,x,x,x,x,10.1,10.7,8.4,11.9,9.7,2.5,x,2.2,2.5,2,1.9,2.6,1.6,1.5,3,27,25.8,25.6,30.8,32.8,7.7,8,8.5,10.4,7.1,x,x,x,x,x,9.7,10.7,8.3,11.3,9.6,2.4,x,2.2,2.5,1.9,x,x,x,x,x,x,x,x,x,x,x,x,x,x,x,x,x,x,x,x,x,x,x,x,x,x,x,x,x,x,x,0.5,x,x,x,4.7,5.7,5.2,4.6,4,0.9,1.3,1.2,0.8,x,x,x,x,x,x,2,1.6,1.7,1.6,1.6,x,0.7,x,x,x,x,0.5,x,x,x,4.7,5.6,5.2,4.5,4,0.8,1.3,1.2,0.8,x,x,x,x,x,x,2,1.6,1.7,1.5,1.6,x,0.7,x,x,x,x,x,x,x,x,x,x,x,x,x,x,x,x,x,x,x,x,x,x,x,x,x,x,x,x,x,x,x,x,x,x,x,x,x,x,3.8,3.1,3.7,4,3.3,0.5,1.1,0.8,1.1,0.8,x,x,x,x,x,1.8,1.9,2.2,1.5,1.6,x,0.6,x,x,x,x,x,x,x,x,3.7,3,3.6,3.9,3.2,0.5,1.1,0.8,1.1,0.8,x,x,x,x,x,1.8,1.9,2.1,1.4,1.6,x,0.6,x,x,x,x,x,x,x,x,x,x,x,x,x,x,x,x,x,x,x,x,x,x,x,x,x,x,x,x,x,x,x,x,x,x,x,x,x,x,12.1,10.4,11.5,13.1,14.5,2.9,2.4,3.4,2.8,2.4,x,x,x,x,x,3.5,5.2,4.5,5.9,5.7,x,x,x,x,x,x,x,x,x,x,12,10.1,11.5,13,14.3,2.8,2.3,3.2,2.7,2.4,x,x,x,x,x,3.5,5,4.4,5.6,5.6,x,x,x,x,x,x,x,x,x,x,x,x,x,x,x,x,x,x,x,x,x,x,x,x,x,x,x,x,x,x,x,x,x,x,x,x,x,x,x,x,8.7,7.6,7.3,7.3,6.9,2.9,2.5,x,2.4,1.7,x,x,x,x,x,2,2.6,2.8,2.6,2.5,x,x,x,x,x,x,x,x,x,x,8.1,7.4,7.3,7.2,6.9,2.8,2.5,x,2.4,1.7,x,x,x,x,x,2,2.6,2.8,2.6,2.5,x,x,x,x,x,x,x,x,x,x,x,x,x,x,x,x,x,x,x,x,x,x,x,x,x,x,x,x,x,x,x,x,x,x,x
Construction,2.5,2.4,2,2,1.2,18,19,18.6,17.4,15.4,6.5,6.1,5.9,6.6,6.5,x,x,x,x,x,2.4,2.1,2.3,2.2,1.6,0.5,0.6,0.9,x,0.5,1.7,1.6,1.6,1,0.9,13.9,14,13.1,12.5,12.2,4.5,4.2,3.6,4.4,4.5,x,x,x,x,x,1.8,1.6,1.6,1.8,1.3,x,x,0.6,x,x,0.7,0.8,0.5,0.9,x,4,5,5.4,4.9,3.2,2,2,2.2,2.2,2,x,x,x,x,x,0.5,x,0.7,x,x,x,x,x,x,x,0.6,0.4,0.5,0.7,0.8,3.4,3.2,3.4,3.4,3.6,1.6,1.7,1.5,1.8,2,x,x,x,x,x,0.3,0.2,0.4,0.4,0.4,0.2,x,0.2,0.3,0.4,0.5,0.4,0.5,0.6,0.8,2.9,2.8,3,3,3.2,1.3,1.3,1.3,1.5,1.8,x,x,x,x,x,0.3,0.2,0.4,0.4,0.3,x,x,0.2,0.3,0.4,x,x,x,x,x,0.5,0.4,0.4,0.4,0.4,0.2,0.4,0.3,0.3,0.2,x,x,x,x,x,x,x,x,x,x,x,x,x,x,x,4,5.1,3,4.1,4.1,22.9,22.4,21.5,21.3,21.2,8.4,8.2,8.2,8.8,9.2,x,x,x,x,x,3.1,2.4,2.1,2.2,2.3,0.5,0.8,1.1,1.1,0.8,3.1,4.1,2.5,3.3,3.5,20.1,18.8,19.1,18.8,19.5,6.8,6.8,6.9,7.5,8.3,x,x,x,x,x,2.8,2.1,1.9,2,2.2,x,0.8,1,1.1,0.7,1,1,0.5,0.8,0.5,2.8,3.7,2.4,2.5,1.8,1.6,1.4,1.3,1.3,0.8,x,x,x,x,x,x,x,x,x,x,x,x,x,x,x,3,3.5,2.5,2.8,2.9,18.1,17.3,17.3,16.4,16.8,8.1,6.8,7.1,6.6,7.1,x,x,x,x,x,1.9,1.9,2,1.6,1.8,0.8,0.8,0.9,0.5,0.6,2,2.7,1.8,2.5,2.5,14.5,14,14.6,13.5,14.3,5.7,4.9,5.6,5.4,5.8,x,x,x,x,x,1.6,1.6,1.8,1.3,1.5,0.7,0.7,0.8,0.5,x,1,0.8,0.6,x,x,3.6,3.3,2.7,2.9,2.4,2.4,1.8,1.6,1.2,1.3,x,x,x,x,x,x,x,x,x,x,x,x,x,x,x,25.6,22.7,24.2,23.1,26.7,170.6,166.3,165.2,164.9,173.5,46.4,46.7,47.6,46.6,54.5,3.1,3,2.6,x,x,19.9,20.5,22.6,25.5,20.7,5.6,6,8,6.9,8.2,20.9,19.2,21.5,20.9,23.6,148.1,147.1,150.2,154.9,161.2,38.5,41.1,42.4,42.2,50.7,2.8,2.9,2.4,x,x,18.9,19.8,21.5,23.8,19.9,5.5,5.9,7.8,6.4,7.9,4.7,3.5,2.7,2.3,3,22.5,19.1,15,10,12.3,7.9,5.6,5.2,4.3,3.8,x,x,x,x,x,x,x,x,1.7,x,x,x,x,x,x,55.5,53.7,58.8,62.1,58,332,338.5,324.8,328.4,336.6,83.6,82.1,94.3,89.6,112.5,4.3,4.4,6.8,7.4,4,37.5,43.7,40.2,44.8,47.4,10.6,13,17.4,16.7,14.2,47.8,47.1,52.5,57.6,52.8,310.1,320.1,306.7,315.4,319.2,79.2,78.2,90.5,84.7,107.3,3.8,3.9,6.6,6.9,3.5,36.2,41.8,39.1,44.1,46.1,10.2,12.6,17.2,16.4,13.9,7.7,6.7,6.3,4.5,5.3,21.9,18.4,18.2,13,17.4,4.4,3.8,3.9,4.9,5.2,x,x,x,x,x,x,1.9,x,x,x,x,x,x,x,x,7.5,8.1,8,7.2,6.9,29,29.8,30.6,29.7,33.1,7.8,7.8,8.1,8.8,8.9,0.5,0.6,x,0.8,0.8,3.1,4.3,3.6,3.5,3.5,1,0.9,0.9,1.2,1.1,6.7,7.1,7.2,6.1,6.1,27.2,27.2,28.7,27.5,30.9,7.3,7.2,7.7,8.3,8.3,0.5,0.6,x,0.8,0.7,3,4.1,3.5,3.4,3.3,1,0.9,0.8,1.2,1.1,0.8,1,0.8,1.1,0.9,1.8,2.6,1.9,2.2,2.2,0.5,0.6,x,0.5,0.6,x,x,x,x,x,x,x,x,x,x,x,x,x,x,x,9.9,7.6,7.8,6.5,4.8,35.7,34.8,32.6,31.6,31.4,9,9.2,9.1,10.3,9.9,0.9,0.6,0.6,0.7,0.5,5,3.8,4.6,4.1,3.6,0.9,0.8,1.4,1.5,1,8.9,6.3,7,5.6,4.3,32.5,31.6,29.5,28.6,28.9,8.5,8.5,8,9.4,9.2,0.9,0.5,0.5,0.6,x,4.6,3.7,4.4,3.8,3.3,0.9,0.8,1.3,1.5,1,1,1.3,0.8,0.8,0.5,3.2,3.2,3.1,3,2.5,0.5,0.8,1.1,1,0.6,x,x,x,x,x,x,x,x,x,x,x,x,x,x,x,36.7,29.8,26.7,27,21.4,169.6,175.1,165.4,159.6,161.3,33,37.4,37.5,40.4,38.2,4.7,3.1,4.3,2.8,3.4,29.2,24.9,24.8,30.6,30.3,5.7,6.9,6.7,5.8,5.9,33.3,26.7,23.5,24.1,18.7,159,158.5,151.3,146.7,147.5,31.3,34.4,33,36.9,33,4.1,3,4.1,2.6,3.1,26.8,23,22.6,29.6,29,5.5,6.2,6.5,5.6,5.4,3.4,3.1,3.2,2.9,2.7,10.6,16.5,14.1,12.9,13.8,1.7,2.9,4.5,3.5,5.2,x,x,x,x,x,2.4,1.8,2.3,x,x,x,x,x,x,x,24.6,25.7,27.4,28.9,27.2,128,139.1,143.4,143.1,143.1,34.6,33.5,40.5,44.9,40.2,3.2,2.3,2,2.4,2.9,18.2,17.6,20,21,25.8,5,6.1,6.4,7.3,6.7,22.1,23.3,25.8,27.3,25.4,122.3,132.1,136.6,137.2,138.2,32.3,31.3,38.8,43.7,38.4,3,2.1,1.7,2.2,2.6,16.9,16.5,19.3,20.7,25.4,4.9,5.9,6.3,7.2,6.6,2.5,2.3,1.6,1.6,1.7,5.8,7,6.8,5.9,4.8,2.3,2.2,1.7,x,1.8,x,x,x,x,x,x,x,x,x,x,x,x,x,x,x
Durables,x,x,x,x,x,2.8,2.6,2.1,1.9,1.8,0.9,0.5,0.5,0.9,0.8,x,x,x,x,x,x,0.5,0.7,x,0.5,x,x,x,x,x,x,x,x,x,x,2.5,2.3,1.8,1.6,1.5,0.7,x,x,0.7,0.7,x,x,x,x,x,x,x,0.7,x,x,x,x,x,x,x,x,x,x,x,x,x,x,x,x,x,x,x,x,x,x,x,x,x,x,x,x,x,x,x,x,x,x,x,x,x,x,0.3,0.2,0.4,0.2,1,1.2,1.5,1.2,1.5,0.4,0.5,0.5,0.4,0.5,x,x,x,x,x,0.3,0.2,0.2,0.3,0.4,x,x,x,0.2,0.2,x,0.2,0.2,0.4,0.2,1,1.1,1.4,1.1,1.4,0.4,0.5,0.4,0.4,0.4,x,x,x,x,x,0.3,0.2,0.2,0.3,0.4,x,x,x,x,0.2,x,x,x,x,x,x,x,x,x,x,x,x,x,x,x,x,x,x,x,x,x,x,x,x,x,x,x,x,x,x,1.1,0.9,1,0.6,1.3,7.5,8.4,9,8.9,8.6,2.8,2.8,2.8,3.6,2.5,x,x,x,x,x,2.7,2,2.1,1.6,2.3,0.7,0.8,0.6,0.7,0.5,1,0.8,0.9,0.6,1.1,7.2,8.1,8.5,8.5,8.2,2.6,2.6,2.7,3.4,2.5,x,x,x,x,x,2.7,2,2,1.5,2.3,0.7,0.7,0.6,0.7,0.5,x,x,x,x,x,x,x,0.5,x,x,x,x,x,x,x,x,x,x,x,x,x,x,x,x,x,x,x,x,x,x,1.1,1.7,1.3,1.7,1.3,6.8,9.4,7.8,9.3,8.7,2.9,3.2,3.5,3.6,3.2,x,x,x,x,x,2.1,1.6,2.1,1.9,1.6,0.7,0.8,0.7,0.8,0.5,1.1,1.5,1.3,1.6,1.2,6.2,8.7,7.3,8.9,8,2.6,2.8,3.1,3.2,3,x,x,x,x,x,1.9,1.5,2,1.9,1.5,0.6,0.7,0.7,0.7,0.5,x,x,x,x,x,0.6,0.7,x,x,0.7,x,x,x,x,x,x,x,x,x,x,x,x,x,x,x,x,x,x,x,x,21.5,20.1,18.6,20.9,19.6,165.1,160.1,154.3,157.3,153.5,47.1,53.3,50.5,53.7,62,3.3,4.5,3.5,3.8,3.9,44,44,45.2,41.2,50.9,14.6,15.7,14.2,13.5,13.5,20,18.1,16.8,19.4,18.1,157.5,153.1,151.4,153.7,148.4,45.4,51.1,48.9,52.1,60.5,3.1,4.3,3.3,3.4,3.8,42.3,42.5,43.8,39.5,49.5,13.5,15.3,13.5,13,13.1,1.5,2,1.8,1.5,x,7.6,7,2.9,3.6,5.1,1.7,2.2,1.6,1.7,1.5,x,x,x,x,x,1.7,1.5,x,1.7,x,x,x,x,x,x,32.2,31.1,39.4,36.7,35.3,264.1,263,266.7,262.7,237.3,86,91.5,96.6,91.4,107.1,7.7,8.8,7.2,6.9,6.5,77.7,90.7,85.1,82.3,77.6,23.4,25.8,25.8,30.9,27.7,30.1,28.9,36.8,33.1,31.2,253.1,253,260.4,256,232.3,83.4,87.2,93.8,88,105.1,7.3,8.3,6.5,6.6,5.8,74.9,86.1,81.4,80.1,74.5,22.9,25,25.4,30.4,27.3,2.1,2.2,2.6,3.6,4.1,11.1,10,6.3,6.7,5,2.6,4.3,2.9,3.4,2.1,x,x,x,x,x,2.8,4.6,3.7,2.2,3.2,x,x,x,x,x,2.5,2.9,2.6,2.8,3.5,21.2,20.4,21.2,19.7,21.5,7.2,7.6,7.9,7.5,7.1,0.9,0.7,0.7,0.6,0.7,6.2,5.2,4.6,4,4.3,1.5,2,1.1,1.4,1.6,2.3,2.7,2.5,2.8,3.3,20.5,19.6,20.7,19.4,21,7.1,7.4,7.8,7.3,7,0.8,0.6,0.7,0.6,0.7,5.8,5,4.6,4,4.2,1.5,2,1.1,1.4,1.6,x,x,x,x,x,0.7,0.8,0.5,x,0.5,x,x,x,x,x,x,x,x,x,x,x,x,x,x,x,x,x,x,x,x,1.5,1.6,1.5,1.4,1.7,11.1,10.3,11.5,10.9,12.4,2.4,2.4,2.7,2.6,2.8,0.5,x,x,x,x,2.1,1.7,2.3,2,1.8,0.5,x,0.6,0.5,x,1.4,1.4,1.4,1.2,1.6,10.6,9.8,10.8,10.6,12.2,2.1,2.2,2.5,2.6,2.7,0.5,x,x,x,x,2,1.7,2.2,1.9,1.7,0.5,x,0.6,x,x,x,x,x,x,x,x,0.5,0.7,x,x,x,x,x,x,x,x,x,x,x,x,x,x,x,x,x,x,x,x,x,x,5.9,5.4,4.4,6.6,6.2,54.9,47,42.7,43.8,45,12.8,11.7,12.6,13.7,13.9,2.3,x,x,x,2.6,13.2,10.2,9.7,12.1,11.9,3.4,2.2,2.9,3.9,3.5,5.3,4.3,4.1,6,5.9,52.1,41.7,40.8,41.7,43.5,12.1,10.6,11.7,13,13,2.2,x,x,x,2.5,11.5,9.2,8.9,11.9,11.3,3.1,2.1,2.2,3.6,3.4,x,x,x,x,x,2.9,5.3,1.9,2.1,1.5,x,x,x,x,x,x,x,x,x,x,1.7,x,x,x,x,x,x,x,x,x,11.1,9.1,9.6,7.3,8.7,56,55.4,51,51.9,54.1,20.2,24.1,20.3,22.4,24.2,1.7,2.1,1.9,2.3,x,15.1,13.3,17.4,14,14,3.6,3.4,5,5.1,4.2,10.1,8.4,9,7.2,8,53.7,53.1,49.6,51.2,52.2,19.2,23,19.8,21.8,23.9,1.5,2,1.7,2.2,x,14.5,12.8,17.3,13.9,13.7,3.5,3.3,4.8,5.1,3.9,x,x,x,x,x,2.3,2.3,x,x,1.9,x,x,x,x,x,x,x,x,x,x,x,x,x,x,x,x,x,x,x,x
Non-durables,0.5,0.5,0.5,x,0.6,3.5,3.4,2.9,2.1,2.8,1.8,1.5,1.7,2,2,x,x,x,x,x,2.6,2,1.6,1.8,1.8,1.3,1.1,1.2,1.4,0.9,x,x,x,x,x,2.7,2.5,2.1,1.9,2.4,1.3,1.1,1.3,1.5,1.5,x,x,x,x,x,1.8,1.2,1.1,1.3,1.3,0.9,0.7,0.7,0.8,0.5,x,x,x,x,x,0.8,0.9,0.8,x,x,0.5,x,x,0.5,0.5,x,x,x,x,x,0.8,0.7,0.5,0.5,0.5,0.5,x,0.5,0.5,x,0.4,0.4,0.3,0.3,0.3,1.8,1.8,1.9,2,1.8,0.6,0.7,0.5,0.7,0.7,x,x,x,x,x,1.3,1.1,1.3,1.2,1.1,0.5,0.3,0.5,0.6,0.3,0.3,0.3,0.2,0.2,0.2,1.6,1.6,1.8,1.9,1.6,0.5,0.6,0.5,0.6,0.6,x,x,x,x,x,1.2,1,1.2,1,1,0.4,0.3,0.4,0.5,0.3,x,x,x,x,x,0.2,0.2,x,0.2,0.2,x,x,x,x,x,x,x,x,x,x,x,x,x,x,0.2,x,x,x,x,x,0.9,1.5,2.1,1.5,1.5,7.4,6.8,7.3,8.3,8.4,2.2,2.7,3,2.6,3.1,x,x,0.5,0.6,0.6,3.4,3.4,2.9,3.4,3.2,1.6,1.3,1.8,1.5,1.1,0.7,1.3,1.8,1.4,1.4,7,6.5,7,7.9,8.1,2,2.5,2.6,2.4,2.9,x,x,0.5,x,0.5,3.1,3.1,2.7,3.1,3,1.2,1.2,1.6,1.4,1.1,x,x,x,x,x,x,x,x,x,x,x,x,x,x,x,x,x,x,x,x,x,x,x,x,x,x,x,x,x,x,1.7,1.2,1.4,1.2,1.4,9.1,7.5,8.8,8,7.5,2.5,2.8,2.9,2.3,3,0.6,0.5,x,x,0.5,4,3.7,3.6,3.4,4.3,1.6,1.4,1.6,1.9,2,1.3,1,1.2,0.9,1.2,8.4,6.8,8.4,7.4,7,2.2,2.5,2.5,2,2.5,0.5,x,x,x,x,3.5,3.3,3.3,3,3.7,1.4,1.1,1.3,1.4,1.6,x,x,x,x,x,0.7,0.7,x,0.6,0.5,x,x,x,x,0.5,x,x,x,x,x,0.5,0.5,x,x,0.6,x,x,x,0.5,x,13.4,15.7,15.8,15.1,10.6,94.3,92.7,91.4,94.2,91.1,28.8,33.2,35.4,32.4,33.4,6.5,5.1,6.4,9,6,54.7,56.4,55.3,48,51.9,18.9,17.1,18.1,17.9,18.3,12.1,14,14,13.9,9.7,91.4,88.2,89.7,91.6,88.1,27.6,31.8,35,31.1,32.8,5.9,4.8,5.8,8.3,5.9,51.9,53.1,52.3,44.7,50.4,18,16.7,17.6,17.5,17.4,x,1.6,1.8,x,x,3,4.5,1.7,2.6,3,x,x,x,x,x,x,x,x,x,x,2.8,3.3,3.1,3.3,1.5,x,x,x,x,x,15.1,15.2,16.4,14.2,16,115.5,104,110,112.7,109.1,41.7,41.9,38.9,42.9,45.2,10.2,8.6,11.5,7.1,9.3,78.8,76,75.3,80.8,86.5,25.8,26.4,22.4,24.1,28.4,13.9,13.4,14.7,12.8,14.7,110.7,102.1,107.2,109.9,105.5,39.5,40.6,37.4,41.9,44.3,9.3,8,10.9,6.8,8.2,74.8,73.5,72.6,78.2,84.3,24.7,25.3,22.3,23.6,28,x,1.8,1.8,x,x,4.8,1.9,2.8,2.8,3.6,2.2,x,1.5,x,x,x,x,x,x,x,3.9,2.5,2.7,2.6,2.2,x,x,x,x,x,2.1,1.4,0.9,1.5,1.4,12.8,12.5,13.6,12.5,11.9,3.4,4.1,2.7,3.7,4.1,0.6,0.7,0.6,0.5,0.5,6.4,7,7.6,7.3,6.8,2,1.8,2,1.6,2.3,1.9,1.1,0.8,1.4,1.3,12.6,12.1,13.3,12.1,11.6,3.4,4.1,2.6,3.6,4,0.6,0.7,0.6,x,0.5,6.2,6.6,7.3,7.1,6.7,2,1.7,1.9,1.6,2.2,x,x,x,x,x,x,x,x,x,x,x,x,x,x,x,x,x,x,x,x,x,x,x,x,x,x,x,x,x,x,0.9,0.8,0.7,0.9,0.8,4.7,5.6,5.3,5.9,5.7,1.2,1.3,1.8,1.3,1.9,x,x,x,x,x,1.8,2,1.8,2.3,2.5,0.6,x,0.8,0.8,1,0.9,0.7,0.6,0.9,0.7,4.5,5.4,5.2,5.7,5.5,1.2,1.3,1.8,1.3,1.8,x,x,x,x,x,1.8,2,1.7,2.2,2.5,0.6,x,0.7,0.8,1,x,x,x,x,x,x,x,x,x,x,x,x,x,x,x,x,x,x,x,x,x,x,x,x,x,x,x,x,x,x,2.4,2.2,3.4,3.8,4.8,27,23.1,28.4,25.9,28.2,7.1,5.8,5.3,7.9,10.2,x,1.6,1.5,x,x,14.4,12.7,11.3,12.3,11.9,3.3,3.7,3.2,3.4,3,2.2,2.1,3,3.7,4.6,26.4,22.9,27.8,25.3,27.2,6.8,5.6,4.9,7.8,9.8,x,1.5,x,x,x,14.1,11.8,10.6,11.9,11.3,3,3.1,3.1,3.4,2.7,x,x,x,x,x,x,x,x,x,x,x,x,x,x,x,x,x,x,x,x,x,x,x,x,x,x,x,x,x,x,3.3,3.3,2.5,5.3,4.4,29.7,31.3,28.5,28.7,21.9,10.8,7.1,13.7,11.3,13.2,3.4,3.3,3.1,2.7,3,21.5,20.4,19.3,20.5,17.9,3.8,4.5,6.8,7,4.9,2.8,3.1,2.3,5.2,3.7,29.3,30.6,28.1,28.3,21.1,10.6,7,13.4,11.2,13,3,3,3.1,2.1,2.9,20.8,19.3,18.6,19.6,17.5,3.5,4.4,6.2,6.6,4.6,x,x,x,x,x,x,x,x,x,x,x,x,x,x,x,x,x,x,x,x,x,x,x,x,x,x,x,x,x,x
Wholesale trade,x,x,0.5,x,x,2.9,3.6,2.7,3.3,2.5,0.8,1.1,1.1,1.1,1.2,x,x,x,x,x,1.3,1.1,0.6,1,1.2,x,x,x,x,x,x,x,x,x,x,2.7,3.6,2.5,3.3,2.4,0.8,1.1,1,0.9,1.1,x,x,x,x,x,1.3,1.1,0.5,1,1.2,x,x,x,x,x,x,x,x,x,x,x,x,x,x,x,x,x,x,x,x,x,x,x,x,x,x,x,x,x,x,x,x,x,x,x,x,x,x,x,x,0.7,0.7,0.8,0.9,0.9,0.3,0.2,0.5,0.4,0.3,x,x,x,x,x,0.2,0.3,0.4,0.3,0.2,x,x,x,x,x,x,x,x,x,x,0.7,0.6,0.8,0.8,0.8,0.3,0.2,0.4,0.4,0.3,x,x,x,x,x,0.2,0.3,0.3,0.2,0.2,x,x,x,x,x,x,x,x,x,x,x,x,x,x,x,x,x,x,x,x,x,x,x,x,x,x,x,x,x,x,x,x,x,x,x,1.3,1,1.1,0.6,1.1,5.9,7,5.6,7,6.8,1.8,2.7,2.8,2.8,2.9,x,x,x,x,x,2.2,2.4,1.9,2.5,2.7,0.8,0.6,0.9,0.6,1,1.2,0.9,1,0.5,1,5.9,6.7,5.3,6.9,6.5,1.7,2.6,2.6,2.7,2.7,x,x,x,x,x,2.1,2.3,1.9,2.4,2.6,0.7,0.5,0.9,0.6,1,x,x,x,x,x,x,x,x,x,x,x,x,x,x,x,x,x,x,x,x,x,x,x,x,x,x,x,x,x,x,0.7,x,x,x,0.5,5.7,5,5.6,4.2,4.4,1.7,2.1,3.1,1.8,2.2,x,x,x,x,x,1.9,2.7,1.6,1.3,1.9,0.5,0.7,0.6,0.5,0.6,0.6,x,x,x,x,5.4,4.8,5.5,4,4.1,1.5,1.9,2.8,1.7,2,x,x,x,x,x,1.9,2.6,1.5,1.2,1.9,x,0.6,0.6,x,x,x,x,x,x,x,x,x,x,x,x,x,x,x,x,x,x,x,x,x,x,x,x,x,x,x,x,x,x,x,x,8.4,7.3,8.1,6.8,4.2,63.5,73.7,80.2,71.1,64.5,25.3,25.9,23.5,28.3,23.6,1.6,3.1,4.5,2.1,3.4,38.1,39,36.8,41.1,36.5,9.8,8.2,11,10.7,8.9,7.6,6,7,6.4,4,61,70.8,78.6,69.5,62.5,25,25.5,23.2,27.9,23.2,1.6,2.8,4.3,2,3.4,36.3,37.9,35.8,40.3,36,9.1,7.6,10.8,10.5,8.7,x,x,x,x,x,2.6,2.9,1.6,1.6,2,x,x,x,x,x,x,x,x,x,x,1.8,x,x,x,x,x,x,x,x,x,12.4,13.1,15.3,9.7,12.3,132.2,131.9,121.4,123.1,111.6,47.3,52.1,48.8,45.9,49.7,6.3,5.6,4,4.2,5.3,70.5,66.2,63.7,60.9,59.3,20.5,21.3,18.6,23.4,21.6,11.6,11.5,13.7,9.4,11.9,127.7,127,118.7,120.4,109.3,46.4,50.4,47.3,44.6,48.6,6,4.8,3.7,3.7,5.1,69.3,65.1,62.2,58.7,58.5,20.2,20.3,17.2,23.1,20.7,x,1.6,1.5,x,x,4.5,4.9,2.7,2.7,2.3,x,1.8,1.5,x,x,x,x,x,x,x,x,x,1.5,2.2,x,x,x,x,x,x,2.3,1.3,1.4,0.7,0.9,10.6,11.4,11,10.3,9.7,3.9,3.5,3.7,3.1,4.3,x,0.5,x,x,0.5,4.2,3.6,3.7,4,2.7,1.2,1.3,1.2,1.2,1,2.3,1.1,1.4,0.7,0.9,10.4,11,10.7,10.2,9.5,3.7,3.5,3.6,3.1,4,x,x,x,x,0.5,4,3.6,3.6,3.7,2.6,1.2,1.2,1.1,1.2,1,x,x,x,x,x,x,x,x,x,x,x,x,x,x,x,x,x,x,x,x,x,x,x,x,x,x,x,x,x,x,2,2.3,1.7,1.1,1.8,11,12.8,11.7,13.1,11.4,3.1,3.6,4.6,4,4.4,0.9,0.7,0.9,x,0.7,3.5,3.6,4.7,4.5,4.4,0.8,1.1,0.9,1.1,1.4,1.9,2.1,1.5,1,1.7,10.8,12.6,11.5,13,11.2,3,3.4,4.5,3.9,4.4,0.8,0.6,0.9,x,0.7,3.4,3.4,4.6,4.3,4.1,0.8,1,0.9,1,1.3,x,x,x,x,x,x,x,x,x,x,x,x,x,x,x,x,x,x,x,x,x,x,x,x,x,x,x,x,x,x,6.5,5.9,5.1,3.7,3.7,44.4,45.9,49,45.4,44.7,13.8,13.3,19.5,15.4,17.8,2.5,2.1,2.9,x,2.1,22.2,17.3,16.9,17.5,17.2,5.4,4.8,3.4,4.7,4.9,6,5.7,4.6,3.5,3.4,41.8,42.7,47.8,45,43.7,13.1,12.5,18.6,14.9,17,2.3,2,2.7,x,2.1,21.1,16.2,16.3,17.2,16.7,5.2,4.6,3.3,4.3,4.6,x,x,x,x,x,2.6,3.1,x,x,x,x,x,x,x,x,x,x,x,x,x,x,x,x,x,x,x,x,x,x,x,3.2,3.5,6.8,4.6,4.4,41.3,39.4,39.1,41.2,39,15.6,16.2,11.4,12.8,17.3,3.3,2,1.8,1.6,2,19.4,23.8,21.1,16.4,19,3.8,6.5,6.8,8.1,6.5,2.6,3.4,6.2,4.1,4.2,40.8,38.6,37.2,39.8,38.6,15.2,15.7,11.1,12.8,17.3,3.2,2,1.8,1.6,2,19.3,23.6,20.5,15.9,18.6,3.7,6.4,6.8,8.1,6.5,x,x,x,x,x,x,x,1.9,1.5,x,x,x,x,x,x,x,x,x,x,x,x,x,x,x,x,x,x,x,x,x
Retail trade,4.9,5.5,5.2,4.4,3.8,8.3,8.8,9.6,7.9,7.4,3,3.6,2.7,3.1,3.2,6.5,5,4.6,3.6,4.2,11.3,11.2,11.5,10.1,9.4,4.7,4.5,5.5,4.9,4.1,4.4,5.1,4.7,4,3.4,8,8.7,9.1,7.4,6.9,2.9,3.3,2.4,2.8,2.9,6.1,4.7,4.1,3.3,3.7,10.7,10.5,10.9,9.5,9,4.4,4.3,5.1,4.6,3.9,0.5,x,0.6,0.5,x,x,x,0.5,x,0.5,x,x,x,x,x,x,x,0.5,x,x,0.6,0.7,0.7,0.6,x,x,x,x,x,x,1.4,1.1,1.3,0.9,1.3,2.3,2.1,2.1,2.1,2.5,0.9,0.7,0.9,1.2,0.9,1.6,1.8,1.6,1.5,1.5,2.5,2.6,2.6,2.9,2.6,1.4,1.2,1.3,1.3,1.5,1.3,1,1.2,0.9,1.2,2.2,2,2.1,2,2.4,0.9,0.7,0.9,1.1,0.8,1.6,1.6,1.5,1.4,1.5,2.3,2.5,2.5,2.7,2.5,1.3,1.1,1.2,1.3,1.3,x,x,x,x,x,x,x,x,x,x,x,x,x,x,x,x,x,x,x,x,0.2,x,x,0.2,x,x,x,x,x,0.2,7.5,7.8,7.8,10.1,8.5,13.9,15.1,15.7,16,15.4,5.5,5.1,5.6,7.1,7.7,10.1,9.3,10.7,9.5,10.5,18.8,17.2,19,18.4,19.7,7,6.4,7.7,7.5,8.3,6.8,7.4,6.9,9.4,8.1,13.5,14.5,15,15.6,15,5.4,5,5.5,6.8,7.7,9.4,8.8,10.2,8.9,9.7,18.1,16.6,18.7,17.7,19.1,6.7,6.3,7.5,7.3,7.9,0.7,x,0.9,0.6,0.5,x,0.6,0.7,x,x,x,x,x,x,x,0.7,0.5,0.5,0.6,0.8,0.6,0.7,x,0.7,0.6,x,x,x,x,x,5.7,5.8,5.4,5.3,5.8,13.3,12.3,12.1,10.7,10.3,3.7,5.1,5.6,5.9,5.8,6.3,6.3,6.6,7.6,5.4,13.3,13.6,12.3,12.4,11.6,5.6,5.9,6,5.9,6.4,5.4,5.5,4.9,4.8,5.4,12.6,11.9,11.4,10.4,10.1,3.5,4.9,5.3,5.6,5.6,5.9,6,6.3,7.4,5.1,12.9,13.3,11.8,11.7,11,5.4,5.7,5.6,5.6,6.1,x,x,x,0.6,0.5,0.7,x,0.6,x,x,x,x,x,x,x,x,x,x,x,x,x,x,0.5,0.7,0.6,x,x,x,x,x,73.9,71.5,66.9,71,78.7,140.3,133,126.3,125.8,125.6,48.8,47.3,51.5,51.2,53.2,102.8,91,91.4,91.6,99.8,139.8,137.5,137.7,134.4,134,45.1,46.1,50.5,52.2,54.2,68.3,66.9,63.1,65.9,74.3,135.1,126.6,122.6,122,121.8,46.2,45.2,50.2,49.7,51.2,95.9,85.7,86.8,86.2,95.8,133.6,132.6,133.1,129.5,129.6,42.9,44.9,49.4,50.1,52.8,5.6,4.6,3.8,5.1,4.4,5.2,6.5,3.7,3.8,3.8,2.6,2.1,x,1.5,1.9,6.9,5.3,4.6,5.3,3.9,6.2,4.9,4.6,4.9,4.4,2.2,x,x,2.1,x,104.9,101.9,111.5,111.4,127,192.9,180.6,203.6,207.8,213.3,64.9,77.2,84,84.9,84.3,138.2,128.2,126.9,116.8,132.4,219.2,221.8,227.6,232.5,231.3,77.7,74.3,84.7,92.4,91.7,97.6,95.4,106,104.9,118.6,185.6,173.7,194.5,200.3,207.1,62.2,75.5,82.8,82,82.3,128.7,121.8,120.5,110.5,124.2,211.8,214.7,219.3,226.8,221.8,75.4,73.1,83,89.6,90.3,7.2,6.5,5.4,6.5,8.5,7.2,6.9,9.1,7.4,6.2,2.8,1.6,x,2.9,2.1,9.5,6.4,6.4,6.3,8.3,7.4,7.1,8.3,5.7,9.5,2.4,x,1.7,2.8,x,10.4,10.1,11.4,9.6,11.4,17.8,19.5,18.6,18.5,19.3,6.7,6.2,6.2,6.9,6.5,12,11.5,11.6,13,11.3,19.3,18.2,17.9,17.4,18.5,6,5.5,6.7,6.6,5.5,9.8,9.6,10.9,9,10.8,17.3,18.9,18.2,17.8,18.5,6.6,6,6.1,6.6,6.3,11.4,10.9,11.1,12.4,10.7,18.9,17.5,17.4,16.9,18.2,6,5.4,6.4,6.5,5.4,0.6,0.5,0.5,0.6,0.6,0.5,0.6,x,0.6,0.8,x,x,x,x,x,0.6,0.6,0.6,0.5,0.6,x,0.6,0.6,0.6,x,x,x,x,x,x,10.2,9.5,9.3,10.3,8.1,16.7,17.6,17.1,18,17,5.2,5.7,6.9,6.2,7.1,10.2,11,10.6,8,7.6,17.1,18.1,20.1,18.7,17,6.8,6.3,7.4,7.8,7.7,9.7,8.9,8.7,9.5,7.6,16.1,16.9,16.3,17.2,16.8,5,5.6,6.7,6,6.9,9.5,10.4,10,7.7,7,16.7,17.4,19.4,17.9,16.4,6.7,6,7.2,7.6,7.5,0.6,0.6,0.6,0.9,0.5,0.6,0.7,0.8,0.8,x,x,x,x,x,x,0.7,0.7,0.6,x,0.6,x,0.6,0.7,0.8,0.6,x,x,x,x,x,29.9,35.5,31,32.1,30.6,60.7,59.9,64.7,65.5,73.4,18.2,21.4,19.1,24.5,19.9,38.9,40,41.2,35.7,37.8,71.9,78,69.2,75.9,72.8,21.3,26.5,27.2,24.9,28.5,27.3,31.9,28.4,30.4,28.3,59.2,57.3,61.8,62.2,69.1,17.6,20.4,18.6,23.8,19.4,35.9,37.7,39.1,34.2,35.3,68.3,73.9,67,72.2,70.4,20.9,25.3,26.7,24.4,27,2.6,3.6,2.6,1.7,2.2,1.5,2.7,3,3.3,4.3,x,x,x,x,x,2.9,2.4,2.1,1.5,2.4,3.6,4,2.1,3.7,2.4,x,x,x,x,1.5,38.1,42.1,39,37.1,40.7,69.3,73.4,68.3,77.4,79.6,23.1,23.4,26.1,24.9,26.7,44.4,44.6,49.7,42.1,53.5,77,78.2,87.1,77.8,81.6,27.6,31.2,31.5,37.3,30,35.1,39.3,36.9,35.1,38.6,67.4,70.4,66.1,75.8,77.5,22.7,22.8,25.4,24.4,26.3,42.2,42,47.9,39.4,51.1,74.1,75.3,83.5,75.6,78.9,26.5,30.4,30.7,36,29.4,2.9,2.8,2.1,2.1,2.1,1.9,3.1,2.3,1.7,2.1,x,x,x,x,x,2.2,2.7,1.9,2.7,2.4,2.9,2.9,3.6,2.2,2.6,x,x,x,x,x
Transportation and warehousing,x,x,x,0.6,0.6,5.9,5.8,5.9,6.6,5.8,2.5,2.1,2.8,3.2,2.9,x,x,x,x,x,1.7,2.1,2.5,2,2.6,0.6,0.6,0.6,0.6,1,x,x,x,0.5,0.6,5.3,5.2,5.3,6,5.4,2.2,1.8,2.5,3,2.6,x,x,x,x,x,1.5,1.9,2.3,1.7,2.5,0.6,0.5,0.6,0.6,0.9,x,x,x,x,x,0.5,0.6,0.6,0.6,x,x,x,x,x,x,x,x,x,x,x,x,x,x,x,x,x,x,x,x,x,x,0.2,x,x,x,1.3,1.4,1.5,1.3,1.3,0.8,0.6,0.9,0.8,1.2,x,x,x,x,x,0.4,0.5,0.3,0.2,0.3,0.2,0.2,0.2,0.4,0.2,x,x,x,x,x,1.2,1.2,1.4,1.3,1.2,0.7,0.5,0.8,0.7,1.1,x,x,x,x,x,0.3,0.4,0.2,0.2,0.3,0.2,0.2,0.2,0.3,0.2,x,x,x,x,x,x,x,x,x,x,x,x,x,x,x,x,x,x,x,x,x,x,x,x,x,x,x,x,x,x,1.4,0.6,1,0.5,0.7,11,10.1,9.7,10.1,8.9,5.1,5.8,5.7,5.2,5.9,x,x,x,x,0.5,2.6,3.4,3,3,2.6,1.1,0.9,1.2,1.1,1.8,1.3,0.5,0.9,0.5,0.7,10.4,9.8,9.1,9.8,8.7,4.9,5.7,5.4,4.9,5.6,x,x,x,x,x,2.5,3.3,2.8,2.8,2.4,1.1,0.8,1.1,1,1.8,x,x,x,x,x,0.7,x,0.5,x,x,x,x,x,x,x,x,x,x,x,x,x,x,x,x,x,x,x,x,x,x,1.1,0.7,0.8,1.1,1.5,9.3,10,8.4,8.3,8,4.9,5.3,4.6,4.8,4.8,x,x,x,x,x,3.7,2.8,3.1,3.5,3.4,1.3,1.4,1.2,1.2,1.1,0.8,0.6,0.8,1.1,1.5,8.6,9.5,8,7.9,7.8,4.6,4.9,4.4,4.6,4.5,x,x,x,x,x,3.6,2.6,2.9,3.3,3.3,1.3,1.3,1.1,1.2,1.1,x,x,x,x,x,0.6,0.5,x,x,x,x,x,x,x,x,x,x,x,x,x,x,x,x,x,x,x,x,x,x,x,10.9,7.6,12.6,7.2,13.7,107.1,104.4,106.3,113.1,124.5,43.8,42.4,53,51.9,51.8,x,1.9,2,3.8,4.9,34.1,37,28.2,34.3,39.4,8.3,11.2,11.6,15.8,8.8,9.6,7.2,12.1,6,13.4,104.3,100.3,103.2,110.2,121.2,42.1,40.1,50.7,49.9,49.6,x,1.6,1.9,3.6,4.5,32.1,35.7,27.6,33.3,39.1,7.5,10.7,11.3,14.5,8.3,x,x,x,x,x,2.8,4.2,3.1,2.9,3.2,1.7,2.3,2.3,2,2.1,x,x,x,x,x,2.1,x,x,x,x,x,x,x,x,x,15.6,15.5,17.6,22.3,20.1,166.5,183.4,172.6,188,209.6,67.9,63.1,73.8,80.6,86.4,4.7,4.3,3.9,6.8,8.4,58.6,50.1,57.1,69.3,66,20.2,20.9,24.8,24.1,25.4,13.4,13.8,16.6,20.7,18.6,161.1,178.8,169.5,182.5,204.7,66.4,61.4,72.2,78.6,83.7,4.2,4,3.8,6.7,7.6,56.7,48.5,55,67.5,64.1,19.4,20.6,24.3,23.2,24.3,2.2,1.7,x,1.6,1.5,5.4,4.6,3,5.6,4.9,x,1.7,1.6,2,2.7,x,x,x,x,x,2,1.6,2.2,1.8,1.8,x,x,x,x,x,3,2.3,2.6,3.2,3.8,20.8,19.1,20.3,21.7,21.7,8.2,7.1,7.7,7.7,8,0.7,0.7,0.6,0.8,1.2,5.2,6,5.2,5.4,6.1,1.7,1.6,1.6,1.8,1.9,2.8,2.1,2.4,3,3.6,20.4,18.5,19.4,20.9,21.3,8.1,6.9,7.6,7.5,7.7,0.6,0.7,0.6,0.7,1.2,4.9,5.6,4.9,5.3,5.9,1.7,1.6,1.6,1.8,1.9,x,x,x,x,x,0.5,0.6,0.9,0.9,x,x,x,x,x,x,x,x,x,x,x,x,x,x,x,x,x,x,x,x,x,2,1.8,1.6,1.6,2.4,15.5,14.9,15.4,15,13.3,5.8,6.9,6.6,6.9,6,0.5,x,x,0.6,x,5.2,4,3.7,3.9,3.6,1.5,1.6,2.1,1.7,1.6,1.9,1.8,1.6,1.3,2.2,15.1,14,14.7,14.3,12.9,5.5,6.5,6.3,6.7,5.9,0.5,x,x,0.6,x,5.1,3.8,3.6,3.8,3.5,1.5,1.5,2,1.7,1.6,x,x,x,x,x,x,0.9,0.7,0.7,x,x,x,x,x,x,x,x,x,x,x,x,x,x,x,x,x,x,x,x,x,7.6,8.4,6.2,5.2,8.7,70.5,72.9,80.5,72.1,70.1,26.5,25.3,26.7,27.5,29,2.7,2.7,2.1,2.9,x,30.3,24.7,25.3,27.1,26.1,7.4,6,4.5,8.1,7.4,7.1,7.2,5.7,5,7.7,68.1,69.2,77.6,70.8,67.9,25.6,23.6,25.7,26.5,28.2,2.5,2.7,2,2.8,x,29.1,23.5,24.6,26.1,25,6.9,5.5,4.4,7.6,7.2,x,x,x,x,x,2.3,3.7,2.9,x,2.2,x,1.7,x,x,x,x,x,x,x,x,x,x,x,x,x,x,x,x,x,x,8.9,8.5,8.2,8,10.7,75.1,67.2,70.5,68.6,67.7,27.9,31.1,29.9,29.7,30.9,2.5,1.9,1.7,2.3,1.9,23.4,23.9,22.9,21.9,23.9,7.1,9.2,9.7,8.7,9.9,7.8,7.7,7.6,7.8,9.7,73.6,65.6,69,67.5,66.4,27,30.6,29.3,28.8,30.1,2.3,1.7,1.7,2.2,1.9,22.5,23.2,22.4,21,23,6.9,9,9.4,8.4,9.5,x,x,x,x,x,1.5,1.6,1.5,x,x,x,x,x,x,x,x,x,x,x,x,x,x,x,x,x,x,x,x,x,x
Finance and insurance,x,x,x,x,x,1.2,1.4,1,1.3,0.9,0.6,x,x,x,x,x,x,x,x,x,2.6,2.8,2.7,2.7,2.4,0.5,0.5,0.6,0.6,x,x,x,x,x,x,1.2,1.4,0.9,1.3,0.9,0.6,x,x,x,x,x,x,x,x,x,2.5,2.6,2.6,2.7,2.4,0.5,x,0.5,0.6,x,x,x,x,x,x,x,x,x,x,x,x,x,x,x,x,x,x,x,x,x,x,x,x,x,x,x,x,x,x,x,x,x,x,x,x,0.4,0.4,0.5,0.5,0.5,x,0.2,0.2,0.2,x,0.2,x,x,x,x,0.9,1,0.9,0.9,1.1,0.2,0.2,0.3,0.2,0.2,x,x,x,x,x,0.4,0.4,0.5,0.5,0.4,x,0.2,0.2,0.2,x,x,x,x,x,x,0.9,0.9,0.9,0.9,1.1,0.2,0.2,0.3,0.2,0.2,x,x,x,x,x,x,x,x,x,x,x,x,x,x,x,x,x,x,x,x,x,x,x,x,x,x,x,x,x,x,x,x,x,x,0.5,4.4,3.7,4.8,4,4.7,1.1,1.2,0.7,0.7,0.8,1.2,0.7,0.5,0.5,0.6,8,7.5,7.8,7.1,6.6,1.5,2.4,1.8,1.5,1.6,x,x,x,x,0.5,4.3,3.7,4.5,3.9,4.6,1.1,1.2,0.7,0.7,0.8,1.2,0.7,0.5,0.5,0.6,7.7,7.3,7.8,7,6.6,1.5,2.4,1.8,1.4,1.6,x,x,x,x,x,x,x,x,x,x,x,x,x,x,x,x,x,x,x,x,x,x,x,x,x,x,x,x,x,x,x,x,x,x,x,2.7,3.5,3.9,3.4,2.9,0.6,x,0.8,0.7,0.8,0.5,0.6,0.5,x,0.9,6.6,6.6,5.7,6.4,5.8,1.3,1.7,1.6,1.3,1.4,x,x,x,x,x,2.7,3.4,3.9,3.3,2.9,0.5,x,0.7,0.7,0.8,0.5,0.6,0.5,x,0.9,6.5,6.6,5.6,6.3,5.7,1.3,1.6,1.6,1.3,1.4,x,x,x,x,x,x,x,x,x,x,x,x,x,x,x,x,x,x,x,x,x,x,x,x,x,x,x,x,x,x,3.7,4,4.4,5.5,6.7,53,52.1,57,56.4,60.4,10.8,8.2,11.5,14.1,14.9,7.6,8.5,6.4,8.9,6.6,77.6,71.9,83.4,74.6,77,20.3,15.5,19.2,21.6,20.4,3.5,4,4.3,5.3,6.3,52.1,51.1,56.1,56.1,59.8,10.6,8.2,11.3,13.9,14.9,7.5,8.1,6.1,8.9,6.6,76.2,70.4,81.5,73.5,76.5,20,15.4,19,21.4,20.2,x,x,x,x,x,x,x,x,x,x,x,x,x,x,x,x,x,x,x,x,x,1.5,1.9,x,x,x,x,x,x,x,12.4,9.3,12.9,14,12.8,138.4,138.8,151.1,140.2,154.6,31.6,32.8,32.2,33.7,33.5,12.4,14.2,12.9,14.2,15.1,160.1,171.7,165,172.8,169.7,39.7,49.5,42.4,45.6,42.7,12.3,9,12.6,13.5,12.4,136.3,136.2,148.6,137.3,152.6,31.1,32.2,31.5,33.5,33.2,12.1,14,12.4,13.5,14.5,157.2,169.3,160.3,169.9,166.8,39.1,48.6,41.7,45.4,41.9,x,x,x,x,x,2.1,2.6,2.5,2.9,2,x,x,x,x,x,x,x,x,x,x,2.9,2.4,4.7,3,2.8,x,x,x,x,x,0.5,0.7,0.9,1,0.7,6.6,7.1,7.9,8.2,6.9,1.8,1.8,1.5,1.8,2,1.3,1.4,1.5,1.5,1,12,12.3,13.2,11.7,12.6,2.9,2.4,4.1,2.9,2.7,0.5,0.7,0.9,0.9,0.7,6.5,6.9,7.7,8.1,6.9,1.8,1.8,1.5,1.7,2,1.2,1.4,1.4,1.5,0.9,11.8,12.1,13.1,11.6,12.5,2.9,2.4,4.1,2.9,2.7,x,x,x,x,x,x,x,x,x,x,x,x,x,x,x,x,x,x,x,x,x,x,x,x,x,x,x,x,x,x,x,x,0.5,x,0.5,4.7,5.1,5.1,5.3,4.9,1.8,2,1.4,1.1,1.8,1.2,1,0.8,0.7,0.6,11.7,10.6,10,10.2,11.2,2.5,2.9,2.3,2.8,2.8,x,x,0.5,x,0.5,4.7,4.9,5,5.3,4.9,1.8,2,1.4,1.1,1.8,1.1,1,0.7,0.7,0.6,11.6,10.4,9.8,10,11.1,2.5,2.9,2.3,2.8,2.7,x,x,x,x,x,x,x,x,x,x,x,x,x,x,x,x,x,x,x,x,x,x,x,x,x,x,x,x,x,x,x,1.6,x,1.8,1.9,19.4,20.5,17.8,18.4,21.6,4.1,4.9,4.5,5,5,4,3.8,2.7,2.1,1.6,30,33.1,33.4,33.1,28.7,8.4,7.8,8,5.3,6.4,x,x,x,1.8,1.7,18.9,19.8,17.1,17.6,21.3,4,4.8,4.1,4.9,5,3.8,3.6,2.4,2.1,x,29.6,31.5,32.4,32,28.1,8.2,7.7,7.6,5.1,6.3,x,x,x,x,x,x,x,x,x,x,x,x,x,x,x,x,x,x,x,x,x,1.6,x,x,x,x,x,x,x,x,3.5,3.7,3.2,2.4,2.3,25.4,30.1,32.3,30.5,33,6.9,6.3,6.8,4.8,10.1,2.6,4.7,5.5,3.8,3.2,38.8,39.1,39,42.4,38.4,10.3,9.4,14,11.5,13.3,3.5,3.7,3.2,2.4,2.3,24.6,28.8,31,30,32.4,6.9,5.8,6.7,4.8,9.9,2.5,4.6,5.2,3.7,3,38.3,38.7,38.8,41.7,38,10,9.4,13.5,10.8,12.5,x,x,x,x,x,x,x,x,x,x,x,x,x,x,x,x,x,x,x,x,x,x,x,x,x,x,x,x,x,x
Real estate and rental and leasing,x,x,x,x,x,1,1.4,0.7,1.1,0.8,0.9,0.7,0.5,0.5,0.8,x,x,x,x,x,0.8,0.7,0.6,x,0.9,x,x,x,x,x,x,x,x,x,x,1,1.4,0.6,1,0.8,0.9,0.6,x,0.5,0.8,x,x,x,x,x,0.8,0.7,0.5,x,0.9,x,x,x,x,x,x,x,x,x,x,x,x,x,x,x,x,x,x,x,x,x,x,x,x,x,x,x,x,x,x,x,x,x,x,x,x,x,x,x,x,0.2,0.4,0.2,0.4,0.3,0.2,x,x,0.2,x,x,x,x,x,x,x,0.2,0.2,0.3,0.3,x,x,x,0.2,x,x,x,x,x,x,0.2,0.4,0.2,0.4,0.3,0.2,x,x,0.2,x,x,x,x,x,x,x,0.2,0.2,0.3,0.3,x,x,x,0.2,x,x,x,x,x,x,x,x,x,x,x,x,x,x,x,x,x,x,x,x,x,x,x,x,x,x,x,x,x,x,x,x,x,x,0.6,x,2.1,2.4,2.7,2.4,2.3,1.5,2.1,1.5,2,1.5,x,x,x,x,x,2.2,2.5,2,1.6,2.3,1.2,1,1,1.6,0.8,x,x,x,0.5,x,2,2.4,2.7,2.3,2,1.5,2.1,1.5,2,1.4,x,x,x,x,x,2.2,2.4,1.9,1.6,2.2,1.2,0.9,1,1.6,0.8,x,x,x,x,x,x,x,x,x,x,x,x,x,x,x,x,x,x,x,x,x,x,x,x,x,x,x,x,x,x,x,x,x,x,0.5,1,1.1,1.1,1.6,1.8,0.6,1.4,1.4,1.1,1,x,x,x,x,x,1.1,1,0.9,1.1,1,x,0.5,0.8,0.6,0.6,x,x,x,x,0.5,1,1,1,1.6,1.8,0.6,1.4,1.3,1.1,1,x,x,x,x,x,1,1,0.9,1.1,0.9,x,x,0.7,0.6,0.6,x,x,x,x,x,x,x,x,x,x,x,x,x,x,x,x,x,x,x,x,x,x,x,x,x,x,x,x,x,x,x,4,2.3,2.6,2,17,20.4,17.9,23.4,20.7,9.2,13.8,9.9,12.1,13.1,2.6,1.5,2.2,2,1.6,11.6,16.9,18.5,14.8,16.4,6.3,5.6,6.2,7.9,6.3,x,3.6,2.3,2.4,2,15.8,19.5,17.4,22.6,20.4,8.5,13.1,9.7,12.1,12.9,2.6,x,2.1,2,1.5,10.6,16,18,14.2,16.1,6.3,5.3,6.1,7.9,6.3,x,x,x,x,x,x,x,x,x,x,x,x,x,x,x,x,x,x,x,x,x,x,x,x,x,x,x,x,x,x,3.9,6.8,4.6,4.3,6.3,51.4,48.3,43.9,48.6,53.4,26.1,27.7,27.4,27.8,27.6,4,3,8,5.2,3.8,52,40.8,47,46.2,54.1,21.2,22.4,24.4,21.2,24.3,3.4,6.4,4.4,3.9,6.1,50.6,47.7,43.3,48,52.7,25.8,27,27.3,27.6,27.1,3.6,2.9,7.8,5.1,3.7,50.9,39.8,46.2,45.1,53,21.2,22.2,24.4,21.1,24.1,x,x,x,x,x,x,x,x,x,x,x,x,x,x,x,x,x,x,x,x,x,x,x,x,x,x,x,x,x,x,x,0.5,x,x,0.5,2.9,2.7,2.8,3,3.1,1.7,1.9,1.8,1.7,1.2,x,x,x,0.6,x,2,2.7,2.5,2.9,2.9,1,1,0.9,0.7,0.7,x,0.5,x,x,0.5,2.9,2.7,2.7,3,3,1.7,1.9,1.8,1.7,1.2,x,x,x,0.5,x,1.9,2.6,2.4,2.8,2.8,0.9,1,0.9,0.7,0.7,x,x,x,x,x,x,x,x,x,x,x,x,x,x,x,x,x,x,x,x,x,x,x,x,x,x,x,x,x,x,0.8,0.5,0.5,x,x,3.1,2.5,2.8,2.6,2.6,1.6,1.6,1.9,1.5,2,x,x,x,x,x,2.5,1.7,1.8,2.4,2,0.7,0.6,0.7,1.4,1.4,0.8,x,x,x,x,3,2.4,2.7,2.6,2.4,1.6,1.6,1.9,1.5,2,x,x,x,x,x,2.4,1.6,1.8,2.3,1.9,0.7,0.6,0.6,1.4,1.3,x,x,x,x,x,x,x,x,x,x,x,x,x,x,x,x,x,x,x,x,x,x,x,x,x,x,x,x,x,x,2.9,x,x,2,1.9,13.9,14.7,17.4,17.8,17.2,5.8,6.4,6.9,6.5,6.4,x,1.5,x,x,x,11.1,12.8,12.8,11.2,12.4,4.5,3,5.7,4.9,3.8,2.7,x,x,1.8,1.8,13.4,13.7,16.7,17.5,17,5.7,6.1,6.5,6.1,6.4,x,1.5,x,x,x,10.4,12.5,12.3,11.1,12,4.2,2.7,5.6,4.8,3.7,x,x,x,x,x,x,x,x,x,x,x,x,x,x,x,x,x,x,x,x,x,x,x,x,x,x,x,x,x,x,x,x,1.6,x,x,14.3,11.8,19.7,20.6,20.9,8,11,11.2,8.4,10.5,1.9,x,2.6,2.4,2.2,12.4,14.1,15.1,16.5,17.4,6.4,7.8,8.7,9.6,9.5,x,x,x,x,x,13.7,11.1,19.4,20.2,20.8,7.8,10.7,10.9,8.4,10.4,1.9,x,2.6,2.2,2.1,12,13.8,14.8,16.3,17.2,6.3,7.7,8.7,9.3,9.4,x,x,x,x,x,x,x,x,x,x,x,x,x,x,x,x,x,x,x,x,x,x,x,x,x,x,x,x,x,x
"Professional, scientific and technical services",x,x,x,0.6,x,5.5,3.7,4.2,4.7,4.4,1.6,1.9,1.2,0.9,1,x,x,x,0.5,x,3.5,4.1,3.7,3.4,3.2,0.9,1,0.7,x,0.9,x,x,x,0.5,x,5.4,3.5,4,4.5,4.2,1.4,1.7,1.2,0.9,0.8,x,x,x,x,x,3.3,3.9,3.4,3.3,3.1,0.7,0.9,0.7,x,0.9,x,x,x,x,x,x,x,x,x,x,x,x,x,x,x,x,x,x,x,x,x,x,x,x,x,x,x,x,x,x,x,0.2,0.2,0.2,0.2,1.5,1.6,1.6,1.6,1.6,0.3,0.4,0.3,0.3,0.4,x,x,x,x,x,0.9,1.2,1,1.1,1,0.2,0.3,0.4,0.2,0.3,x,0.2,0.2,0.2,0.2,1.4,1.6,1.5,1.5,1.6,0.3,0.4,0.3,0.3,0.4,x,x,x,x,x,0.8,1.2,1,1.1,0.9,0.2,0.3,0.4,0.2,0.3,x,x,x,x,x,x,x,x,x,x,x,x,x,x,x,x,x,x,x,x,x,x,x,x,x,x,x,x,x,x,2,0.8,1.1,0.8,1,10.9,11.2,12.2,10.4,11.2,4.4,4.3,4.5,4.1,3.4,1.4,1.2,x,0.8,0.7,8.1,8.2,8.4,9,9.3,1.9,2.5,3,3.3,2.9,1.9,0.7,1,0.8,1,10.4,11,11.7,10.1,10.9,4.2,4.3,4.2,4,3.3,1.4,1.2,x,0.7,0.7,8,8.1,8.2,8.6,9.2,1.8,2.3,3,3.3,2.9,x,x,x,x,x,0.5,x,0.5,x,x,x,x,x,x,x,x,x,x,x,x,x,x,x,x,x,x,x,x,x,x,0.5,0.7,0.6,0.9,0.5,6.2,6.4,6.5,7.1,7.3,3.2,2.1,2.2,2.6,2,0.5,x,0.5,0.6,0.5,5.3,4.6,4.9,4,6.1,1.5,1.5,1.3,1.4,1.3,0.5,0.6,0.6,0.8,0.5,6,6.3,6.4,6.9,7,3,2,2.2,2.6,2,x,x,0.5,0.6,0.5,5.2,4.3,4.7,3.9,5.9,1.5,1.4,1.3,1.3,1.2,x,x,x,x,x,x,x,x,x,x,x,x,x,x,x,x,x,x,x,x,x,x,x,x,x,x,x,x,x,x,10.4,9.4,10.6,11.6,10.9,136.6,136.5,143.8,144.8,159.4,40.2,39.1,38.7,39.5,45.1,12,10.7,9.9,8.5,12,105.1,104.7,105.2,104.3,103.3,23.5,22,28.6,28,27.5,9.3,8.7,10.4,10.8,9.9,131.5,132.8,139.6,140.1,156.2,37.9,38,38.1,39.2,44,11.7,10,9.5,8.1,11.7,102.3,100.9,102.8,101.9,100.6,22.9,21.5,27.8,27.6,26.7,x,x,x,x,x,5,3.7,4.2,4.7,3.3,2.3,x,x,x,x,x,x,x,x,x,2.8,3.8,2.4,2.5,2.8,x,x,x,x,x,19.7,23.9,19.3,24.8,35.4,240.1,261.7,264.9,268.3,280.2,80.1,74.2,75,81.6,91.6,26.2,22.3,21.9,21.7,26.3,174.6,179.9,204.6,199.6,209.9,53.5,51.8,59.2,57.1,56.6,18.3,22.6,17.4,23.9,33.8,235.6,252.9,260.6,262,272.2,78.4,72.6,73.7,80.7,89.4,25.4,21,21,21,25.6,169.6,174.7,198.9,194,206,52.4,50.7,57.4,56.1,55.7,x,x,1.8,x,1.6,4.6,8.8,4.3,6.3,8,1.7,1.6,x,x,2.2,x,x,x,x,x,5,5.1,5.7,5.6,3.9,x,x,1.9,x,x,1.2,1,0.7,1.3,1.4,9.5,10.3,9.8,10.8,10.6,3,3.9,4.2,3.9,4.4,1.2,1.3,1.8,1.4,1.3,8.3,9.2,9.9,9.2,9.5,2.8,2.6,2.6,2.9,2.9,1.2,0.9,0.7,1.3,1.4,9.2,10.2,9.6,10.5,10.3,3,3.7,4.2,3.9,4.4,1.1,1.2,1.6,1.2,1.3,8.1,9.1,9.7,9,9.3,2.8,2.5,2.5,2.9,2.9,x,x,x,x,x,x,x,x,x,x,x,x,x,x,x,x,x,x,x,x,x,x,x,x,x,x,x,x,x,x,0.9,1.1,1.1,0.9,1.4,10,11.3,12.3,9.7,10.1,3.1,3.3,3.1,3,3.4,1.1,1.1,1.3,0.9,1.3,8.4,9.8,10.5,9.2,9.8,2.2,2.8,2.7,3.3,2.8,0.9,1.1,1,0.8,1.3,9.8,10.8,12,9.4,9.9,3,3.2,3.1,2.9,3.3,1,1,1.3,0.9,1.2,8.2,9.3,10.2,9.1,9.5,2.1,2.7,2.6,3.2,2.7,x,x,x,x,x,x,0.5,x,x,x,x,x,x,x,x,x,x,x,x,x,x,0.5,x,x,x,x,x,x,x,x,6.5,4.4,4.8,6.1,4,74.9,81,75.7,73.3,75.3,23.1,23.2,25.1,24.3,26.6,6.1,5.8,6.1,6.2,5.9,57.6,56,59.5,56.8,60.9,12.9,17.3,14.2,19.9,18.7,6,4.1,4.7,5.9,3.7,70.4,76.7,73.7,71.7,72.6,22.5,22.2,24,22.7,25.8,5.7,5.6,5.6,5.8,5.7,55.7,54.1,57,55.3,58.8,12.9,16.6,13.6,19.3,17.9,x,x,x,x,x,4.5,4.3,1.9,1.5,2.7,x,x,x,1.6,x,x,x,x,x,x,2,1.9,2.4,1.5,2.1,x,x,x,x,x,6.4,6.5,7.4,7.8,9.2,77.9,77.2,76.6,85.5,91.4,25.7,25.6,24.9,26.8,30.3,9.8,7.3,7.5,8.5,8.8,58.6,67.9,69.6,67.6,70.4,16.2,17.4,16.7,16.6,19.2,5.9,5.8,7.2,7.6,8.9,75.5,73.9,74.2,83.8,89.3,25.3,25.2,24.1,26.1,30.3,8.8,7.3,7.3,8.5,8.5,56.6,65.9,67.6,66.2,68,16,17.3,16.7,16.4,18.7,x,x,x,x,x,2.5,3.3,2.3,1.7,2.1,x,x,x,x,x,x,x,x,x,x,2,1.9,2,x,2.3,x,x,x,x,x
"Business, building and other support services",0.6,x,0.5,0.5,0.8,3.4,3.1,3,3.4,3.7,1.1,1.4,1.4,0.9,1.3,x,x,x,x,x,2,1.9,2,1.5,2.2,1,0.7,1.1,1,0.5,x,x,x,x,0.7,2.8,2.7,2.5,2.8,3.1,0.9,1.2,1.2,0.8,1.1,x,x,x,x,x,1.8,1.7,1.8,1.5,2,0.9,0.7,0.9,0.9,0.5,x,x,x,x,x,0.6,x,x,0.5,0.7,x,x,x,x,x,x,x,x,x,x,x,x,x,x,x,x,x,x,x,x,0.4,0.2,0.4,0.2,0.4,0.8,0.8,0.8,0.6,0.9,0.4,0.5,0.2,0.3,0.3,0.2,x,0.2,0.2,0.2,0.7,0.6,0.5,0.6,0.5,0.3,0.2,x,0.2,0.2,0.3,0.2,0.3,0.2,0.4,0.8,0.8,0.7,0.5,0.8,0.4,0.4,0.2,0.3,0.3,x,x,0.2,0.2,0.2,0.6,0.6,0.4,0.6,0.5,0.3,0.2,x,0.2,0.2,x,x,x,x,x,x,x,x,x,x,x,x,x,x,x,x,x,x,x,x,x,x,x,x,x,x,x,x,x,x,2.3,2,2.1,1.7,2,7,6.9,6,6.6,7.1,2.8,2.9,2.7,2.4,2.3,0.8,0.9,1.5,0.9,1,5.9,5.4,5.6,5.6,4.9,3.3,2,2.1,2,2.4,2,1.5,1.8,1.2,1.7,6.2,6.2,5.2,6.1,6,2.6,2.4,2.5,2.2,2.1,0.7,0.8,1.3,0.8,0.8,5.6,4.9,5.4,5.4,4.5,3.2,1.8,1.9,1.9,2.2,x,x,x,0.5,x,0.7,0.8,0.7,0.5,1.1,x,0.5,x,x,x,x,x,x,x,x,x,0.5,x,x,x,x,x,x,x,x,2.1,2.1,1.7,1.9,1.7,6.6,6,5.6,5.4,5.9,3,2.3,2.4,2.5,2.8,1.5,1.1,1,1.1,0.9,5.7,4.8,5.1,5,4.5,2.2,2,1.7,1.6,1.9,1.5,1.7,1.5,1.6,1.3,5.8,5.3,5.2,5.1,5.5,2.8,2.1,2.3,2.3,2.6,1.2,0.9,0.9,1,0.8,5.4,4.3,4.9,4.7,4.2,2,1.9,1.6,1.5,1.8,0.6,x,x,x,x,0.8,0.7,x,x,x,x,x,x,x,x,x,x,x,x,x,x,x,x,x,x,x,x,x,x,x,13.7,20.2,14.9,11.7,16.1,67.8,73.7,79,75.6,70.2,27.3,25.4,28.3,26.9,26.1,8.4,9.6,5.4,7.3,8.8,48,50.2,46.8,59.1,51.5,19.5,20.4,19.2,20.8,23.1,10.4,17.3,13.3,10.6,14.6,62.8,67.3,73.5,71.2,64.6,26.1,24.2,27.3,25.5,24.8,7.6,7.7,5.3,6.8,8,44,46.1,44,57.3,48.4,18.5,19.3,18.5,20.7,22.1,3.3,2.9,1.6,x,1.5,5,6.3,5.5,4.4,5.6,x,x,x,x,x,x,1.8,x,x,x,4,4.1,2.8,1.8,3.1,x,x,x,x,x,38.1,42.3,37.7,35.8,28.8,124.5,113.7,115.8,113.1,111.7,36.4,39.7,35.2,39.1,40.4,16.1,14.9,16.3,22.8,12.5,113.3,104.7,97.2,93.6,100.3,35.4,38.2,36.2,34.5,41.3,31.8,36.8,32.5,31.3,24.7,114.2,103.4,107.6,107,105.4,34.3,38.4,33.8,37.7,39.1,13.8,13.6,14.5,21,11.4,104.8,97.1,91.5,88.7,95.8,34.5,36.7,34.7,34,39.3,6.3,5.6,5.2,4.5,4.2,10.3,10.3,8.3,6.1,6.3,2.1,x,x,x,x,2.3,x,1.7,1.8,x,8.5,7.6,5.8,5,4.5,x,1.5,1.5,x,2,2.6,2.6,2.5,2.4,2.5,6.8,6.8,7.6,8.3,8.6,2.6,2.3,2.2,2.6,2.9,1.4,1.2,1.1,1.1,1.6,5.5,5.3,5.9,6.6,6.7,1.4,1.3,1.5,1.5,1.8,2.4,2.3,2.3,2.2,2,6.2,6.4,7,7.6,8,2.6,2.1,2.1,2.5,2.9,1.2,1.1,1,0.9,1.5,5,5,5.7,6.4,6.4,1.4,1.3,1.4,1.4,1.7,x,x,x,x,0.5,0.6,x,0.6,0.7,0.7,x,x,x,x,x,x,x,x,x,x,0.5,x,x,x,x,x,x,x,x,x,1.2,1.5,1.5,1.4,1.7,4.6,4,4.7,5.8,5.3,2.4,2.1,2.5,2.6,2.7,0.9,0.5,0.8,0.7,0.6,3.7,3.6,3.4,4.1,4.4,2.2,2.1,2,1.7,1.9,1.1,1.1,1.3,1.2,1.6,4.4,3.9,4.3,5.4,5,2.4,1.9,2.5,2.5,2.7,0.8,0.5,0.7,0.6,0.6,3.6,3.4,3.2,3.9,4.3,2.2,2.1,2,1.7,1.9,x,x,x,x,x,x,x,x,x,x,x,x,x,x,x,x,x,x,x,x,x,x,x,x,x,x,x,x,x,x,8.4,7.4,7.7,8.4,6.9,28.4,31.2,31.9,30.8,30.4,11.6,11.2,9.5,11.6,10.6,4.7,2.9,4.7,2.6,3.1,27.1,26.4,27.8,28.3,29,6.8,7.3,8.5,10.5,10.6,7.6,6.4,6,6.7,5.6,26.8,28.6,28.7,28.9,29.2,11.4,10.7,8.7,11,9.6,4.3,2.6,4.5,2.3,2.6,25.6,24.6,25.3,27.1,26.9,6.6,6.6,7.7,10.1,10.3,x,x,1.7,1.7,x,1.5,2.6,3.2,1.9,x,x,x,x,x,x,x,x,x,x,x,1.5,1.8,2.5,x,2.1,x,x,x,x,x,11.4,6.4,8.5,7.2,8.4,29.3,33.8,33.5,35.7,36.5,13.7,19.2,15.5,15.7,14.3,4.7,4.7,4.3,4.4,5.8,30.5,33.9,33.9,28.3,34.5,10.3,12.3,11.3,14.3,16.8,10,5.8,7.7,6.9,7.8,27.6,31.2,31.8,33.5,35.3,12.6,19.1,15,15,13.8,4.4,4.5,4.1,4.4,5.3,28.7,32,33,27.2,33.6,10.1,12.1,11,13.7,16.5,x,x,x,x,x,1.7,2.7,1.7,2.2,x,x,x,x,x,x,x,x,x,x,x,1.8,1.9,x,x,x,x,x,x,x,x
Educational services,0.6,x,x,x,x,4.4,4.3,3.9,4.1,3.4,1.6,1.4,1.6,1.5,1.6,1,0.7,0.7,0.7,0.8,7.3,7.2,8,8.7,9.3,1.1,1.2,1.3,1.8,1.9,0.5,x,x,x,x,4.3,4,3.7,4,3.3,1.5,1.4,1.5,1.4,1.5,0.9,0.6,0.6,0.5,0.7,7,7,7.8,8.2,8.7,0.9,1.1,1.3,1.6,1.7,x,x,x,x,x,x,x,x,x,x,x,x,x,x,x,x,x,x,x,x,x,x,x,0.5,0.5,x,x,x,x,x,x,x,x,x,x,1.3,1.2,0.9,1.3,1.1,0.3,0.4,0.5,0.5,0.5,0.2,0.3,0.2,0.3,0.2,2.9,2.7,2.7,2.6,2.8,0.8,0.7,1,0.9,1,x,x,x,x,x,1.2,1.2,0.9,1.2,1.1,0.3,0.4,0.5,0.5,0.5,0.2,0.3,0.2,0.3,0.2,2.7,2.5,2.6,2.5,2.7,0.8,0.6,1,0.9,0.9,x,x,x,x,x,x,x,x,x,x,x,x,x,x,x,x,x,x,x,x,x,0.2,x,x,x,x,x,x,x,x,1,0.9,1.1,0.5,0.9,8.5,8,9.1,8.6,8.2,3.2,3.3,3.6,3.1,3.7,1.4,1.8,1.7,1.6,2.2,17.7,18.5,17.4,20,17.6,6,5.8,5.1,5.3,6.4,0.9,0.8,1,x,0.7,8.3,7.7,8.7,8.4,7.8,3.1,3.2,3.4,3,3.6,1.3,1.6,1.5,1.5,2,17.1,17.7,16.8,19.3,16.9,5.7,5.6,4.9,5.2,6.2,x,x,x,x,x,x,x,x,x,x,x,x,x,x,x,x,x,x,x,x,0.7,0.8,0.6,0.7,0.7,x,x,x,x,x,0.6,x,0.8,0.7,0.7,6.6,6.1,5.7,6.2,5.6,1.8,2.2,2.4,2.4,3.2,1.7,1,0.9,1.1,1,14,13.7,13.8,14.1,13.6,4.1,3,3.7,3.4,4.1,0.6,x,0.7,0.5,0.7,6.3,5.9,5.4,6,5.5,1.8,2.1,2.4,2.3,3,1.7,1,0.9,1,0.9,13.2,13.2,13.3,13.5,13,3.9,2.8,3.5,3.1,3.8,x,x,x,x,x,x,x,x,x,x,x,x,x,x,x,x,x,x,x,x,0.8,0.5,0.5,0.7,0.6,x,x,x,x,x,9.8,7.1,7.4,7.3,6.9,68.8,66.9,68.9,66.3,64.1,19.3,20.3,20.1,23.6,21.5,9.6,15.6,14.6,14.6,14.5,153.7,152.2,158.6,157.9,168.5,27,29.6,34.6,38.1,36.3,9.1,6.3,7.1,6.7,6.7,66.4,64.1,66.7,64.4,61.4,18.6,19.8,19.5,23.1,20.9,8.9,14.7,12.9,13.9,14.2,148.7,147,153.6,152.9,164.2,26.3,28.4,33.1,37.1,35.5,x,x,x,x,x,2.4,2.8,2.2,1.9,2.6,x,x,x,x,x,x,x,1.7,x,x,5,5.3,5,5,4.3,x,x,1.5,x,x,18.8,17,14.2,21.3,20.4,111.5,118.5,110.8,117.4,116.3,43,38.9,34,33.3,38.7,29.6,27.3,28.9,30.6,35.9,265.6,251.5,250.3,264.3,274.7,63.2,67,77.2,72.4,85.5,18.1,15.8,13.2,20.4,18.4,108.7,115.2,106.4,114,112.3,42.8,38.7,33.6,32.9,37.5,27.8,25.2,26.7,29,33.6,256.5,243,242.3,254.9,264.3,61.1,64.9,75,70,82.6,x,x,x,x,2,2.8,3.3,4.4,3.4,4,x,x,x,x,x,1.8,2.2,2.2,1.6,2.4,9.1,8.5,8,9.4,10.4,2.2,2.1,2.2,2.4,2.9,1.4,1.1,1.4,1.2,1.5,12.3,12.1,10.7,10.8,11,4.6,4.8,5,4.5,4.6,2.2,2.4,3.1,2.9,2.8,26.6,24.3,25.2,26.1,25.3,7.5,7.2,7.7,8.6,8.6,1.3,1.1,1.3,1.1,1.3,12,11.7,10.4,10.4,10.8,4.5,4.7,4.8,4.4,4.5,2.1,2.2,2.9,2.7,2.6,25.4,23.5,24.3,24.8,24.4,7,6.9,7.5,8.2,8.2,x,x,x,x,x,x,x,x,x,x,x,x,x,x,x,x,x,x,x,x,1.3,0.8,0.9,1.2,0.8,0.5,x,x,x,x,0.6,0.9,0.7,1,0.8,9.1,8,9.3,9.9,10,3.6,3.8,4.1,3.6,3.9,2.3,2.3,2.1,2.3,2.2,23.6,20.8,19.9,21,23.9,5.9,6.5,6.4,7.1,6.1,0.6,0.9,0.7,0.8,0.8,8.9,7.7,9.1,9.6,9.6,3.5,3.8,4,3.6,3.9,2.2,2.1,2,2.2,2.1,22.8,20,19.1,20,22.8,5.6,6.3,6,6.8,5.8,x,x,x,x,x,x,x,x,x,x,x,x,x,x,x,x,x,x,x,x,0.8,0.8,0.8,1,1.1,x,x,x,x,x,4.7,5.5,5,3,3.8,30.2,32.5,29.7,36.5,31.5,10.2,9.3,11.5,9.1,11.2,7.6,8,10.1,7.9,9,70.6,77.3,81.5,83.6,87.2,20,20.3,21.1,23.2,20.3,4.4,5.3,4.4,2.8,3.6,29.5,32.2,29.3,35.6,30.4,10.1,9.3,11.2,8.7,10.9,7,7.6,9.6,7.4,8.7,67.7,75.4,78.4,80.8,84,19.2,19.7,20.2,22.1,19.9,x,x,x,x,x,x,x,x,x,x,x,x,x,x,x,x,x,x,x,x,2.9,2,3.1,2.8,3.2,x,x,x,x,x,5.9,5.2,4.9,5.1,4.9,39.7,34.4,35.9,31.9,36.3,13.5,14.7,15.3,15.6,16.6,4.3,8.5,8.7,11.2,12.1,82.7,81.4,82.2,85,89.2,22.4,27.1,24,24.5,26.4,5.6,4.8,4.6,4.7,4.5,38.2,33.5,35.3,31.3,35.2,13,14.3,14.9,15.4,16.1,4.1,8.1,7.8,10.5,11.1,80.6,78.1,80.6,82.8,86.7,21.8,26.2,23.3,23.9,25.1,x,x,x,x,x,1.5,x,x,x,x,x,x,x,x,x,x,x,x,x,x,2.1,3.3,1.6,2.2,2.6,x,x,x,x,x
Health care and social assistance,0.7,0.5,x,x,0.7,4.2,4.7,4.7,4.9,5.8,1.5,1.6,1.8,1.6,1.7,1.9,3,2.5,2.6,2.1,25.5,24.3,25.9,25.6,23.9,5.2,6.2,5.5,5.9,6.9,0.7,0.5,x,x,0.7,4.1,4.6,4.7,4.8,5.6,1.4,1.6,1.6,1.5,1.7,1.8,2.9,2.4,2.3,1.9,24.7,23.7,25.2,24.9,23.3,4.9,5.9,5.1,5.6,6.4,x,x,x,x,x,x,x,x,x,x,x,x,x,x,x,x,x,x,x,x,0.8,0.6,0.7,0.6,0.6,x,x,x,x,0.5,x,x,x,x,0.2,1.1,1,1.1,1.2,1.3,0.4,0.4,0.5,0.5,0.6,0.9,0.7,0.8,1,0.9,5.9,5.7,6.1,5.9,6.3,1.6,2.3,2.1,1.9,2.1,x,x,x,x,0.2,1.1,1,1.1,1.2,1.2,0.4,0.4,0.5,0.5,0.6,0.9,0.6,0.8,1,0.9,5.8,5.7,5.9,5.8,6.2,1.6,2.2,2.1,1.9,2,x,x,x,x,x,x,x,x,x,x,x,x,x,x,x,x,x,x,x,x,x,x,0.2,x,x,x,x,x,x,x,1,1.5,0.6,0.7,1.1,9.3,8.7,7.8,9.5,8.9,2.6,3.7,3.9,3.3,2.7,4.9,5,4.1,4.1,5.1,44.3,44.1,41.6,39.4,45.4,11.2,13.2,15.2,12.7,11.9,1,1.5,0.6,0.6,1,9.2,8.6,7.7,9.4,8.6,2.5,3.7,3.9,3.3,2.6,4.9,4.7,3.9,3.9,5,43.7,43.4,41,38.7,44.8,11.1,12.9,15,12.5,11.6,x,x,x,x,x,x,x,x,x,x,x,x,x,x,x,x,x,x,x,x,0.6,0.7,0.6,0.7,0.6,x,x,x,x,x,x,0.6,x,0.7,1.1,5.2,5.2,6.2,5.7,7.4,2.3,2.4,3.1,2.6,2.1,4.2,4.3,5,5.8,5.5,31.6,32.2,34.7,35.2,32.7,9.6,10,9.7,11.2,13.1,x,0.5,x,0.7,1,5.1,5.2,6.1,5.6,7.3,2.3,2.2,3.1,2.5,2.1,4,4.1,4.8,5.6,5.3,31,31.6,34.2,34.7,32.1,9.4,9.8,9.3,10.9,12.8,x,x,x,x,x,x,x,x,x,x,x,x,x,x,x,x,x,x,x,x,0.6,0.6,0.6,0.5,0.6,x,x,x,x,x,9.2,10,4,6.2,7.2,78.1,72.4,78.2,71.8,80.4,26.2,24.1,26.9,30.4,29.8,44.3,42.1,36.3,41.9,42.1,348.7,352.9,361,367.6,363.8,82.7,89.9,81.5,82,91.8,8.8,9.4,3.9,5.6,7.1,77.1,71.4,76.8,71.1,79.2,25.7,23.9,26.3,29.7,29.6,42.6,41,35.4,41.3,41.5,342.6,347.8,355.5,362.6,360.1,79.8,88.3,79.9,80.9,90.9,x,x,x,x,x,x,x,1.5,x,x,x,x,x,x,x,1.6,x,x,x,x,6.1,5.1,5.5,5,3.7,3,1.7,1.6,x,x,11.9,9.4,12.5,9.8,12.4,100.8,99.8,103.9,104.6,121.9,32,36.3,42.4,42.8,43.4,61,53,53.9,53.6,62.3,486.8,505.2,504.7,500.9,525.5,136.2,151.6,164.1,155,154.1,10.5,9,11.5,9.2,11.7,99.2,98.1,103,103.5,119.1,31.9,36,42.1,42.2,43.1,59.2,51.2,52.2,52.1,60.1,477.6,494.7,498.3,492,519.5,134,149.5,162.4,152.7,152.1,x,x,x,x,x,1.5,1.8,x,x,2.8,x,x,x,x,x,1.7,1.8,1.7,1.5,2.1,9.1,10.6,6.3,8.9,6,2.3,2.1,1.7,2.3,2,1.5,1.6,1.8,1.8,1.3,14.6,12.6,14.3,15.8,15.3,4.8,4.2,4.2,5.1,5.8,8.4,8.3,7.7,7.6,8.5,57.3,60.2,59.1,58.8,56.2,17.4,16.6,16.8,17.4,18.7,1.4,1.5,1.7,1.7,1.1,14.5,12.4,14.2,15.5,15.1,4.7,4.1,4.2,5.1,5.7,8,8.1,7.4,7.3,8.3,56.4,59.3,58.3,58,55.2,17.2,16.5,16.5,17.1,18.5,x,x,x,x,x,x,x,x,x,x,x,x,x,x,x,x,x,x,x,x,0.9,1,0.8,0.8,1,x,x,x,x,x,1.3,0.5,0.9,1,1.1,9,10,9.2,9.2,11,2.3,2.6,2.7,2.8,2.7,6.5,5.7,6,6.8,6.7,46.1,47.3,44.5,47,46.9,13.7,14,14.3,13,13.4,1.3,0.5,0.7,1,1.1,8.9,9.9,9.1,9.1,10.9,2.3,2.6,2.7,2.8,2.7,6.4,5.6,5.8,6.7,6.5,45.6,46.4,44,46.2,46.4,13.5,13.8,14.1,12.8,13.2,x,x,x,x,x,x,x,x,x,x,x,x,x,x,x,x,x,x,x,x,0.5,0.9,0.5,0.8,0.6,x,x,x,x,x,3.9,3.3,2,3,3.3,30.8,34.3,36.2,35.2,32.9,10.1,8.6,12,10.2,11.3,18.4,20.8,14.5,19.6,20.1,161.7,164.1,171.6,171.3,180.1,43.3,42,44.2,44.8,51.4,3.7,3.2,1.9,2.8,3.2,30.7,34.2,35.3,34.5,32.6,9.7,8.6,11.8,10.2,11.1,18,20.3,13.8,19,19.6,159.2,162.1,168.1,168,176.8,42.8,41.1,43.2,44.3,50.2,x,x,x,x,x,x,x,x,x,x,x,x,x,x,x,x,x,x,x,x,2.5,2,3.4,3.3,3.3,x,x,x,x,x,3.7,3.6,4.3,3.8,3,38.7,33.7,39.9,43.2,41.4,13.5,17,15.3,18.4,18.1,15.6,16.6,21.4,19,16.9,164.8,169.7,170.3,183.1,177.2,54.3,56,56.6,59.6,60.1,3.6,3.5,4,3.8,2.8,38.4,33.2,39.3,42.8,40.3,13.3,16.7,15.2,18.4,18.1,15.2,15.8,20.7,18.4,16.6,162.9,167,168.2,181,175.6,53.8,55.3,56.1,58.9,59.3,x,x,x,x,x,x,x,x,x,x,x,x,x,x,x,x,x,x,x,x,1.8,2.7,2.1,2.1,1.6,x,x,x,x,x
"Information, culture and recreation",0.7,1.1,1.1,1.2,0.9,2,2.4,2.1,2.2,2.9,1,0.7,0.7,0.7,1,1.3,1,1,1,1.5,2.2,2,2,2.3,1.6,0.8,0.6,0.5,0.9,0.5,0.5,1,0.9,0.9,0.7,1.8,2.2,1.9,2,2.7,0.9,0.6,0.6,0.6,0.9,1.2,0.9,0.9,1,1.3,2.1,1.8,1.8,2.1,1.5,0.8,0.5,x,0.7,x,x,x,x,x,x,x,x,x,x,x,x,x,x,x,x,x,x,x,x,x,x,x,x,x,x,x,x,x,x,x,0.5,0.5,0.5,0.3,0.3,0.8,0.8,0.8,0.9,0.7,0.4,0.3,0.5,0.4,0.3,0.2,0.3,0.5,0.4,0.3,0.6,0.7,0.6,0.7,0.6,0.2,0.3,0.3,0.4,0.3,0.4,0.4,0.4,0.3,0.3,0.7,0.7,0.7,0.8,0.6,0.4,0.3,0.4,0.3,0.2,0.2,0.3,0.4,0.4,0.3,0.5,0.6,0.6,0.6,0.6,0.2,0.3,0.2,0.3,0.2,x,x,x,x,x,x,x,x,x,x,x,x,x,x,x,x,x,x,x,x,x,x,x,x,x,x,x,x,x,x,2.1,1.9,1.8,2,2.2,6.4,5.9,5.1,6.3,6.2,1.5,1.7,2,2.5,2.1,2.2,1.8,2,2.4,2.5,5.2,4.8,5.4,4.9,5.3,1.8,1.2,1.6,1.6,2.1,1.8,1.7,1.5,1.7,2,5.9,5.5,4.7,6,5.9,1.4,1.5,1.7,2.2,1.8,1.8,1.6,1.6,2.1,2.1,4.9,4.7,5,4.7,5.1,1.7,1.1,1.5,1.5,1.9,x,x,x,x,x,0.5,x,x,x,x,x,x,x,x,x,x,x,x,x,x,x,x,x,x,x,x,x,x,x,x,1.6,1.6,1.8,1.4,1.2,4.9,4.4,3.7,4.1,5.4,1,1.4,1.1,1,1.5,1.3,1.5,1.5,1.4,1.2,3.1,3.4,2.8,3.3,3.4,0.8,1.1,1,0.9,0.8,1.4,1.4,1.6,1,1,4.7,4.2,3.4,3.9,5.1,0.9,1.2,1,1,1.4,1.2,1.4,1.3,1.4,1.1,2.8,3.2,2.7,3.3,3.4,0.7,1,0.9,0.8,0.7,x,x,x,x,x,x,x,x,x,x,x,x,x,x,x,x,x,x,x,x,x,x,x,x,x,x,x,x,x,x,21.9,19.1,23.2,21.1,17.1,60.5,67.2,70.5,64.8,65.1,16.8,20.1,20.4,14.7,19.1,22.8,19.3,21.8,21.6,21.1,46.5,51.7,47.4,53.9,51.4,13.3,12.9,12.5,11.7,13,19.5,16.3,21.7,19.1,15.3,57.9,64.9,67.6,63.8,62.9,14.4,18.8,19.2,13.8,17.3,21.6,17.3,19.9,19.9,19.5,44.9,49.8,45.3,52.2,49.6,12.9,12.3,11.5,11,12.3,2.4,2.8,1.5,2,1.7,2.5,2.2,2.9,x,2.2,2.4,x,x,x,1.8,x,2,1.8,1.7,1.6,1.6,1.9,2.1,1.6,1.7,x,x,x,x,x,40.6,40.4,41.4,36.2,40,110.6,107.1,106.1,104.4,96.3,32,33.5,28,33.5,31.5,35.9,37.5,41.2,40.4,41.7,84.2,93.2,87.4,91.9,84.7,23.7,24.2,25.4,28.4,28.3,35.7,36.6,36.9,32.7,35.6,105.1,102.2,101.4,100.6,91.9,31.3,32.2,27.1,32.3,30.3,32.6,34.1,38.5,36.6,39.2,82.3,89.1,84.7,88.4,81.2,22.6,23.7,24.3,27.6,26.7,4.9,3.8,4.5,3.6,4.5,5.5,4.8,4.7,3.8,4.5,x,x,x,x,x,3.3,3.4,2.7,3.8,2.5,1.9,4.1,2.7,3.5,3.5,x,x,x,x,1.6,2.3,2.7,3.8,3.8,2.4,7.9,8,7.9,6.5,7,2.5,2.7,2.9,2.8,2.7,3.2,3.1,3,3.3,3.5,5.9,6.1,5.3,6.4,6.5,2.1,1.8,2.1,2.2,1.7,1.9,2.4,3.6,3.1,2.1,7.6,7.7,7.6,6.4,6.7,2.4,2.6,2.8,2.6,2.6,2.8,3,2.7,3.1,3.3,5.7,5.9,5.1,6.1,6.3,2.1,1.8,2,2.2,1.7,x,x,x,0.7,x,x,x,x,x,x,x,x,x,x,x,x,x,x,x,x,x,x,x,x,x,x,x,x,x,x,1.9,2.2,2.5,2.4,2.3,6.5,6.3,5.9,6.5,7.1,1.9,2.5,2.4,2,2.4,2.1,2.7,2.8,2.5,3,5.3,6,6.5,6.1,6,2,1.7,1.7,1.7,2.1,1.6,2,2.2,2.1,2,6.4,6.1,5.7,6.3,6.8,1.9,2.5,2.3,1.9,2.3,1.9,2.5,2.5,2.3,2.7,5.2,5.8,6.3,5.9,5.8,2,1.6,1.6,1.7,2.1,x,x,x,x,x,x,x,x,x,x,x,x,x,x,x,x,x,x,x,x,x,x,x,x,x,x,x,x,x,x,9,11.4,11.6,8.9,10.3,26.8,25,23,23.8,23.4,7.7,6.1,5.7,6.7,8.1,9.9,11.8,11.7,11.8,11.4,18.3,20.5,21.3,22.4,20.5,6.3,7.3,6.9,8,5.5,8.2,10.1,10,8,9.5,25.7,24,21.7,23.2,22.7,7.6,5.6,5.3,6.3,6.6,9.4,10.3,10.4,11.1,10.9,18,19,19.6,21.5,19.7,6,7.2,6.7,7.9,5.5,x,x,1.7,x,x,x,x,x,x,x,x,x,x,x,1.5,x,1.5,x,x,x,x,x,1.7,x,x,x,x,x,x,x,12.6,17.5,17.5,15.4,15,43.5,45.7,50.3,46.3,48.1,9.6,14,13.1,13.8,13.7,11,11.5,13.1,13.6,13.8,34.1,33,35.2,32.7,35.5,9.1,10.1,12.4,11.5,12.1,11.1,16.2,16.9,14.4,13.6,41.8,44.2,48.8,44.8,45.9,9.3,13.2,12.5,13,13.3,10.1,11,12.4,12.8,13,33.4,32.2,33.9,31.5,33.7,8.9,9.8,12.3,11.1,11.8,1.5,x,x,x,x,1.7,1.6,1.5,1.5,2.2,x,x,x,x,x,x,x,x,x,x,x,x,x,x,1.8,x,x,x,x,x
Accommodation and food services,2.1,2.6,2.5,2.4,3.1,2.6,2.7,3.3,3.5,3.1,0.9,0.6,x,0.8,1.1,4.1,4.4,4.3,3.8,3.7,5.9,5.9,5,5.8,5,2.1,1.8,1.7,2,2.5,1.9,2.5,2.2,2.2,2.8,2.3,2.4,2.8,3.2,2.9,0.5,0.5,x,0.7,1,3.8,4,3.8,3.3,3.4,5.2,5.3,4.3,5,4.6,1.7,1.4,1.3,1.5,2.3,x,x,x,x,x,x,x,0.5,x,x,x,x,x,x,x,x,x,0.5,0.5,x,0.7,0.6,0.7,0.8,x,x,x,x,x,x,1.1,1.1,1.1,1.1,1.2,1,1.1,1.1,1.4,1.1,0.2,0.2,0.2,0.3,0.3,1.7,1.7,1.5,1.4,1.5,2,1.9,1.8,2.1,1.8,0.9,0.7,0.4,0.8,0.6,1,0.9,1,1,1.1,1,0.9,1,1.2,1,0.2,0.2,0.2,0.2,0.3,1.6,1.5,1.4,1.3,1.5,1.6,1.7,1.6,1.8,1.6,0.7,0.5,0.4,0.7,0.5,0.2,x,x,x,0.2,x,0.2,x,0.2,x,x,x,x,x,x,x,0.2,x,x,x,0.4,0.2,0.2,0.3,0.2,0.2,0.2,x,x,x,5.7,5,5.8,5.5,6.1,7.2,5.2,7.1,7.3,7.4,1.1,1.2,1.1,1.7,1.8,7.8,8.3,7.6,9.1,9.5,9.6,9.9,9.4,10.7,10.6,2.3,2.5,2.2,3.3,3.3,5.3,4.6,5.1,5,5.3,6.7,4.8,6.6,7,6.8,1,1.1,1,1.6,1.7,7.1,7.7,7,8.4,8.9,8.7,9.1,8.6,10.1,10,2.1,2.2,2,3.1,3.1,x,x,0.6,0.5,0.8,0.5,x,0.5,x,0.6,x,x,x,x,x,0.8,0.6,0.7,0.7,0.6,0.9,0.8,0.8,0.6,0.6,x,x,x,x,x,4.5,3,3.9,4.4,3.8,3.2,3.9,4,4.3,3.6,1.1,0.7,1.1,1,0.8,5.5,5.9,6.1,4.7,5.7,9.2,8,8.2,7.9,6.9,3,2.6,2.7,3,2.4,4,2.7,3.5,4,3.5,3,3.7,3.7,4.2,3.5,1.1,0.6,1,0.9,0.8,5.2,5.5,5.4,4.3,5.2,8.2,7.4,7.6,7.2,6.3,2.8,2.4,2.5,2.7,2.2,x,x,x,x,x,x,x,x,x,x,x,x,x,x,x,x,x,0.6,x,0.5,0.9,0.6,0.6,0.7,0.6,x,x,x,x,x,54.8,53.3,52.6,56.6,52.9,63.2,65.7,66.8,62.8,59.2,17.1,18,15.6,18.2,12.6,72.8,69,67.2,59.6,62.8,74.9,74.9,69.4,67.6,66.3,21.6,22.2,18,22,21.4,49.5,49.3,49.3,53.1,48.9,58.8,62.2,62.1,60.1,55.8,16.3,16.5,14.7,17,11.7,66.9,64.9,62.8,56.5,58.9,68.5,70.4,66.3,63.2,62.4,19.5,20.7,17.1,20.6,19.6,5.3,4,3.4,3.6,4,4.4,3.5,4.7,2.7,3.3,x,1.5,x,x,x,6,4.1,4.4,3.1,3.9,6.4,4.5,3,4.4,3.9,2.1,1.5,x,x,1.8,90.2,83.9,78.9,87.4,87.3,92.1,102.6,104,105.3,108.9,20.7,20.5,22.8,25.7,23.8,114.7,123.1,111.8,116.8,112.6,126.3,130.4,134.7,121.1,116,30.4,27,27.3,37.6,34.6,83.2,77.5,73,80.3,81.7,86,98.3,98.9,100.4,104.2,19.8,20.1,21.5,25.1,22.6,106,114.1,105.5,109.9,105.4,120.1,120.8,128.9,116.2,110.1,29.2,26.1,26.6,36.3,33.6,7,6.4,5.9,7.1,5.6,6.1,4.4,5.1,4.9,4.7,x,x,x,x,x,8.7,9,6.3,6.8,7.2,6.2,9.7,5.9,5,5.9,x,x,x,x,x,8.2,8.3,8,9,8.1,8.5,8.6,7.8,8.6,8.3,1.4,1.9,2,1.6,2.1,11.9,11.9,12.9,11.6,12.3,11.7,10.9,11.5,11.8,12.4,2.1,2.3,2.5,2.2,1.9,7.8,7.7,7.5,8.5,7.7,8,8.3,7.5,8.3,7.8,1.4,1.7,1.9,1.6,2,11,11.2,12.3,10.9,11.6,11.1,10.5,10.9,11.4,11.7,2,2.2,2.4,2.2,1.9,0.5,0.6,0.5,0.5,x,0.5,x,x,x,0.5,x,x,x,x,x,0.9,0.8,0.6,0.6,0.7,0.6,0.5,0.5,x,0.7,x,x,x,x,x,6.3,5.4,4.8,6.1,7.3,7.4,9.2,8.8,8.8,8.5,1.6,0.8,1.4,1.6,1.8,9.9,9.4,8.8,8.2,9.1,12.1,13.1,12.1,12,12.8,2.4,2.8,2.5,2.6,3,6,5,4.5,5.6,6.7,7.2,8.6,8.6,8.5,8.3,1.5,0.8,1.2,1.6,1.7,9.3,8.8,8.2,7.8,8.6,11.7,12.1,11.5,11.4,12.5,2.3,2.8,2.4,2.6,2.9,x,0.5,x,x,0.5,x,0.5,x,x,x,x,x,x,x,x,0.6,0.6,0.6,x,0.5,x,1,0.6,0.6,x,x,x,x,x,x,22.2,28.1,26.6,24.2,26.2,32.5,30.9,32.7,32,33.1,6,6.1,7.3,6,7.2,38.6,35.4,36.5,36.6,34.6,54.4,46.2,46.5,49.2,45.1,8,7.1,7.8,6.5,8.3,20,26.3,24.8,22.4,24.6,31.3,29.2,31.4,30.7,31.6,5.8,5.9,6.7,5.7,6.5,36.4,32.3,34.5,35,32.3,52.5,43.9,43.1,47.5,43.4,7.3,6.7,7.7,6.2,7.7,2.2,1.8,1.8,1.8,1.6,x,1.7,x,x,1.5,x,x,x,x,x,2.2,3,2,1.6,2.2,1.9,2.3,3.4,1.8,1.7,x,x,x,x,x,34.2,30.7,33.1,33.1,32.7,37,37.6,40.9,34.8,39.3,8.4,8.1,8,9.7,10.8,43,48.3,49,51.2,46.6,52,50.7,49.4,54.1,54.2,13.3,10.3,11.7,14.7,15.6,31.6,28.1,30.7,31.2,31.2,34.9,34.4,39.7,33.2,37.6,7.9,7.9,7.2,9.1,10.4,40.5,45.8,47.2,49,44.7,50.1,48,46.6,51.9,52.5,12.6,9.9,11.2,13.4,14.7,2.7,2.5,2.4,2,1.5,2.1,3.1,x,1.6,1.7,x,x,x,x,x,2.5,2.4,1.8,2.2,1.9,1.9,2.7,2.8,2.2,1.7,x,x,x,x,x
Other services (except public administration),0.7,0.7,0.7,0.7,x,3.5,2.8,3.2,2.6,3.2,1,1.6,1.6,1.3,1.4,0.7,0.7,0.7,0.7,0.6,5.6,5.7,4.3,4.1,3.6,2,1.9,2.1,2.5,2.1,0.5,0.5,0.5,0.6,x,3.3,2.5,3,2.1,2.7,0.9,1.5,1.4,1,1.3,0.6,0.7,0.7,0.6,0.6,5.2,5.2,3.8,3.8,3.4,1.9,1.7,1.9,2.2,1.9,x,x,x,x,x,x,x,x,0.5,x,x,x,x,x,x,x,x,x,x,x,x,0.5,0.5,x,x,x,x,x,x,x,0.2,0.3,0.3,x,0.2,1,0.9,0.8,0.8,0.9,0.5,0.4,0.6,0.5,0.5,0.2,0.2,0.2,0.2,0.2,1.3,1.1,1.2,1.2,1.1,0.3,0.4,0.5,0.4,0.5,0.2,0.3,0.2,x,0.2,1,0.8,0.8,0.8,0.8,0.5,0.4,0.5,0.5,0.5,0.2,0.2,0.2,0.2,0.2,1.3,1,1.1,1.1,1,0.3,0.4,0.5,0.3,0.5,x,x,x,x,x,x,x,x,x,x,x,x,x,x,x,x,x,x,x,x,x,x,x,x,x,x,x,x,x,x,1.1,1.1,0.8,0.9,0.8,4.7,5.2,4.5,4.4,4.4,3.2,2.9,2.6,2.4,2.8,1.3,0.9,1.4,1.7,1.5,5.5,7.5,7.7,7.1,5,2.5,2.6,2.4,2.8,3.4,1,1,0.6,0.8,0.7,4.5,5,4.3,4.2,4.2,3,2.7,2.6,2.3,2.6,1.1,0.9,1.3,1.6,1.3,5.1,7.3,7.6,6.9,4.7,2.4,2.5,2.4,2.8,3.4,x,x,x,x,x,x,x,x,x,x,x,x,x,x,x,x,x,x,x,x,x,x,x,x,x,x,x,x,x,x,0.9,1,x,0.6,0.7,4.5,4.5,5.3,4.8,4.5,2.6,2.6,1.7,1.9,2,0.9,1.2,0.5,0.6,0.8,5.5,6,5.4,4.8,5.2,1.8,2.6,2.6,2.2,1.8,0.7,0.9,x,0.5,0.6,4.2,4,4.8,4.6,4.3,2.5,2.4,1.7,1.9,2,0.8,1,0.5,0.6,0.7,5.3,5.7,5.3,4.7,5,1.8,2.5,2.6,2.2,1.8,x,x,x,x,x,x,0.5,x,x,x,x,x,x,x,x,x,x,x,x,x,x,x,x,x,x,x,x,x,x,x,9,8.5,9.2,9.7,9.2,53.6,60,56.9,54.2,48.2,19.5,16.7,23.6,24.5,27.6,7.8,10,8.9,9.1,5,59.4,56.3,59.2,64.7,64,19.5,23.2,23.7,20.6,30.9,7.5,7.2,8.8,8.7,9,50,58.6,54.8,53,47.1,19.1,15.9,23,23.9,27.1,7.1,9.4,8.5,8.9,4.9,57.1,53.5,56.8,62.5,63,18.8,22.5,23.1,20.3,30.4,1.5,x,x,x,x,3.6,x,2.2,x,x,x,x,x,x,x,x,x,x,x,x,2.3,2.8,2.3,2.2,x,x,x,x,x,x,15.7,20.1,17.4,17.6,11.5,82.9,79.9,81.7,80.8,86.1,31.7,32.7,33,36.1,33,16.9,17.6,18.6,17.7,15.5,107.9,99.4,104.8,110.8,120.3,30.8,36.2,30.5,35.9,41.6,14.3,17.6,15.7,16.7,10.7,80.4,78,79.5,78.1,84,30.9,31.7,32.5,35.6,32.6,15.8,16.4,16.8,16.2,14.5,104.5,96.5,101.6,108.7,117.6,30.4,35.7,29.8,35.1,40.6,x,2.5,1.7,x,x,2.5,1.8,2.2,2.7,2.1,x,x,x,x,x,x,x,1.8,1.5,x,3.3,2.9,3.2,2.1,2.7,x,x,x,x,x,2.6,2.3,2.1,2.3,2.5,9.3,8.2,8.4,8.5,8,3.5,4.1,3.3,4.2,4,3,2.4,2.2,2.4,2.3,8.2,8.7,9.2,9.2,9.1,3.4,3.4,3.1,4.2,2.9,2.5,2.1,2,2.2,2.4,9.1,8.1,8.2,8.4,7.8,3.4,4.1,3.2,4.1,3.9,2.9,2.3,2.1,2.4,2.3,8,8.5,9,9,8.9,3.4,3.3,3.1,4.2,2.8,x,x,x,x,x,x,x,x,x,x,x,x,x,x,x,x,x,x,x,x,x,x,x,x,x,x,x,x,x,x,2.3,2.4,1.8,1.5,2.4,8,8.1,7.2,7.2,8.7,2.5,3,3.7,3.6,4.1,1.9,2.2,2.1,2.8,2.2,8.7,8,7.8,8.9,8.7,3,2.3,2.8,3,3.3,2.1,2.3,1.6,1.5,2.3,7.8,7.8,7,6.9,8.4,2.4,2.9,3.6,3.4,4.1,1.8,2,2,2.8,2.2,8.5,7.7,7.6,8.7,8.5,3,2.2,2.8,3,3.2,x,x,x,x,x,x,x,x,x,x,x,x,x,x,x,x,x,x,x,x,x,x,x,x,x,x,x,x,x,x,10.9,9.5,10.4,7.1,6,46.5,43,34.8,40.4,41,10.3,14.1,11.1,13.6,12.3,7.7,9.2,8,7.1,10,36.8,41.6,44.5,38.4,39.5,10.5,10.9,12.3,10.8,11.5,9.6,8.6,9.5,6.8,5.7,44.7,40.8,33.3,39,39.3,9.9,13.8,10.3,13.2,11.7,7.1,8.9,7.3,6.7,9.4,36,39.8,43.3,37.5,38.4,10.3,10.6,11.5,10.6,11.2,x,x,x,x,x,1.8,2.2,1.6,x,1.6,x,x,x,x,x,x,x,x,x,x,x,1.8,x,x,x,x,x,x,x,x,4.4,6.6,5.5,6,6.6,28.1,25.2,30.8,31,31.2,11.6,11.4,15,12.8,14.2,9.9,10.1,8.7,10.5,7.7,41.2,41.4,42.4,45.9,46.5,12.3,14.5,15.4,14.2,15.9,4.2,6.4,5.1,5.8,6,27.4,24,29.7,30.6,30.8,11.4,11.1,14.8,12.5,13.8,9.6,9.3,8.3,10.3,6.7,40.5,39.9,41.7,45.1,45.9,12,13.9,14.8,13.9,15.6,x,x,x,x,x,x,x,x,x,x,x,x,x,x,x,x,x,x,x,x,x,x,x,x,x,x,x,x,x,x
Public administration,x,x,x,0.8,0.8,5.4,5.6,4.8,6.3,7,1.9,1.8,1.8,1.8,2.5,0.5,x,x,x,x,6.4,6.5,7.1,6.4,6.7,2.2,1.9,1.6,2.2,2.2,x,x,x,0.6,0.7,5.3,5.5,4.6,6.1,6.6,1.6,1.7,1.5,1.6,2.2,x,x,x,x,x,6.1,6.1,7,6.1,6.6,2,1.7,1.4,2,2.1,x,x,x,x,x,x,x,x,x,x,x,x,x,x,x,x,x,x,x,x,x,x,x,x,x,x,x,x,x,x,x,x,0.2,0.2,0.2,2.4,2.2,2.3,2.3,2.3,0.8,1,0.7,0.7,0.7,x,0.2,x,0.2,0.3,3.5,3,3.1,2.6,3.3,0.9,0.9,0.8,1,1.1,x,x,0.2,0.2,0.2,2.3,2.1,2.2,2.2,2.3,0.7,0.8,0.6,0.7,0.6,x,0.2,x,0.2,0.3,3.3,2.8,3,2.5,3.3,0.8,0.8,0.7,1,1,x,x,x,x,x,0.2,x,x,x,x,x,0.2,x,x,x,x,x,x,x,x,x,0.2,x,x,x,x,x,x,x,x,0.9,0.8,0.8,0.8,0.9,11,9,10.8,10.1,10.7,2.8,3.4,4,4.1,4.2,0.6,0.5,0.5,0.6,x,10.3,10.1,11.4,11.2,10.4,2.8,4.9,3.5,3.3,3.7,0.7,0.7,0.5,0.7,0.8,10.7,8.6,10.4,10,10.5,2.8,3.3,3.9,3.9,4.1,x,x,x,x,x,9.7,9.8,11.1,10.9,10.1,2.7,4.8,3.3,3.3,3.5,x,x,x,x,x,x,x,x,x,x,x,x,x,x,x,x,x,x,x,x,0.5,x,x,x,x,x,x,x,x,x,0.8,1,0.7,1.1,1.2,8.8,8.2,9,9.4,8.1,2.9,2.1,2.5,2.5,3.3,0.5,0.8,0.5,0.6,1,9.5,10.8,8.3,9.2,10.7,2.3,2,3,2.7,2.2,0.7,0.8,0.6,0.9,1,8.6,8.2,8.8,9.3,8,2.7,1.9,2.4,2.3,3.2,x,0.6,x,0.6,0.9,9.3,10.5,8.2,9,10.6,2,1.8,2.9,2.5,2,x,x,x,x,x,x,x,x,x,x,x,x,x,x,x,x,x,x,x,x,x,x,x,x,x,x,x,x,x,x,6.2,5.8,10.1,6.5,8.9,87.2,90.1,85.9,89.3,95.5,25,24.2,27.8,26.9,23.8,8.3,4.8,5.8,7.4,7.5,94.2,96,98.2,94.3,95.2,19.4,22.9,24.6,28.6,26.7,5.4,5.2,9.5,6.2,8.5,86,88.5,84.8,88,94.2,24.9,23.7,27.1,26.6,22.9,7.9,4.3,5.6,7.1,7,93,94.4,96.5,92.8,94.5,19.1,22,24.3,27.3,26,x,x,x,x,x,x,1.6,x,x,x,x,x,x,x,x,x,x,x,x,x,x,1.6,1.7,1.5,x,x,x,x,x,x,9.7,10.1,13.3,11.8,12.2,129.9,126,130.5,127.3,141.8,34.7,35.3,38.4,39,42.1,10.2,12.3,14,10.8,13,133.8,138.2,140.8,141.7,141.4,32.7,39.3,38.9,40.3,35.9,8.6,8.7,12.4,10.6,11.7,127.9,124.8,129.6,126.1,139.5,33.8,34.6,37.8,38.2,41,9.6,11.4,13.7,10.2,12,131.9,135.3,139.3,140.5,140.3,32.2,38.3,38.4,39.4,35.2,x,x,x,x,x,1.9,x,x,x,2.2,x,x,x,x,x,x,x,x,x,x,1.9,2.9,1.5,x,x,x,x,x,x,x,0.9,1,1.1,1.1,1.5,13.8,12.6,11.8,13.5,12.7,3.5,3.8,3,3.4,3.8,1.2,0.9,0.9,1.5,1.4,12.3,11.5,13,11.8,13.7,3.1,3.7,3.6,3.4,3.6,0.8,0.9,0.9,0.9,1.3,13.5,12.2,11.7,13.3,12.4,3.4,3.6,2.9,3.3,3.7,1.1,0.8,0.8,1.4,1.3,12.1,11.4,12.9,11.6,13.4,3.1,3.6,3.4,3.3,3.5,x,x,x,x,x,x,x,x,x,x,x,x,x,x,x,x,x,x,x,x,x,x,x,x,x,x,x,x,x,x,0.7,1.2,0.8,0.8,1,11.7,11.2,11.6,11.2,11.2,3.5,3.2,3.2,3.4,3.4,1.3,1,0.9,1,1,9.7,10.6,11.7,12.1,11.5,2.5,3.1,2.8,3.1,4.3,0.6,1,0.7,0.7,1,11.4,11,11.3,11,11.1,3.4,3,3.1,3.3,3.2,1.3,0.9,0.8,1,0.9,9.6,10.4,11.4,12,11.4,2.5,3,2.7,3.1,4.3,x,x,x,x,x,x,x,x,x,x,x,x,x,x,x,x,x,x,x,x,x,x,x,x,x,x,x,x,x,x,4.1,2.2,3.2,2.3,2.8,33.3,36.2,42.3,46.7,46.1,10.2,9.5,9.7,9.9,11.3,3.5,2,2.5,2.3,2.2,33.6,38.5,38,42,44.9,11.1,11,9.1,9.3,11.3,4,2.2,2.9,2.1,2.3,32.6,34.8,41.5,45.5,44.8,10.1,9.4,9.6,9.8,11,3.4,1.9,2.1,2.1,1.8,33.3,38.1,37.3,41,44.1,11,10.8,9,9,11,x,x,x,x,x,x,x,x,x,x,x,x,x,x,x,x,x,x,x,x,x,x,x,x,x,x,x,x,x,x,x,2.4,2.2,2.1,2.3,36.5,42.8,34.6,35,41.2,8.9,10.9,10.1,10.7,14.8,x,1.9,2.6,2.4,2.8,41,35.2,43.6,41.3,45.1,8.6,12.3,10.4,14,11.9,x,2.4,2.1,2,2.1,36.3,42.3,34.2,34.8,41,8.8,10.6,9.9,10.4,14.5,x,1.7,2.5,2.3,2.4,40.4,34.7,43.1,40.7,44.3,8.5,12,10.2,13.9,11.7,x,x,x,x,x,x,x,x,x,x,x,x,x,x,x,x,x,x,x,x,x,x,x,x,x,x,x,x,x,x
